word,pearson_corr
feat,0.16938782001240985
lil,0.0722342575095319
scott,0.05562239440485132
travis,0.0552740733664124
drake,0.0439486951281926
21,0.04083205724514031
girls,0.04075428248270469
lamar,0.04065714492070246
kendrick,0.04065714492070246
baby,0.040200838390720035
idol,0.039446094602488956
thug,0.03909798130664011
sam,0.03743384998236966
ya,0.03671891782817932
west,0.036124227887073784
te,0.03540331978307621
cardi,0.03499950731144993
sza,0.03463232159965746
larsson,0.03433423642415434
zara,0.03433423642415434
guetta,0.034276325232733704
rocky,0.03423473770018003
young,0.03419178061906011
remastered,0.03405092632266515
vol,0.03396696214291865
timbaland,0.033545490415259505
danse,0.033345073967340544
dre,0.03312401868760012
wayne,0.032971571655585376
goes,0.03292393177232273
durk,0.03284381054663894
till,0.032657879567240006
ocean,0.0325457253711356
savage,0.03227410704412045
maluma,0.03196841531356805
symphony,0.03185960350462238
pon,0.03143813177696311
dior,0.03143813177696309
monster,0.031120740491774625
dash,0.03101666004930383
future,0.03099795531846191
want,0.0308234905442157
box,0.030247591996352133
whats,0.030019496721293663
minaj,0.03001949672129365
nicki,0.03001949672129365
justin,0.02988738770251886
pt,0.029887387702518753
jimmy,0.029752244866326136
bit,0.029752244866326102
heroes,0.02975224486632605
trouble,0.029559262669465767
dog,0.02933077313866683
popular,0.02933077313866675
2016,0.028909301411007643
com,0.02890930141100754
bbyclose,0.02887093334257947
boom,0.028851680824839705
sexy,0.02865824689050897
lie,0.028641352481021023
offset,0.028543459254147818
neyo,0.028526768679136366
hands,0.028487829683348304
soundtrack,0.028162738437353275
ign,0.028074447738588772
ty,0.028074447738588772
alibi,0.02806635795568906
skepta,0.02806635795568903
alors,0.02764488622802989
hot,0.027614488114552884
nayer,0.027591814768170936
counting,0.027591814768170686
wit,0.027591678176714082
words,0.027478277387582482
money,0.02741622988824836
sia,0.027325035998265235
black,0.02722684770512086
beatles,0.02722341450037054
horse,0.02722341450037044
picture,0.027180192212079415
shine,0.02715011002536364
meet,0.027150110025363623
yellow,0.0271501100253636
gangstas,0.026995823366696158
highway,0.026995823366695877
pitbull,0.026801942772711328
search,0.0268019427727112
goosebumps,0.026584021861073035
moonlight,0.02646178069847734
empire,0.026399831965221606
gunplay,0.026399831965221596
lefty,0.026399831965221596
nokia,0.026399831965221592
jon,0.026399831965221564
issues,0.02639983196522154
notion,0.026399831965221488
license,0.026399831965221443
drivers,0.026399831965221443
flex,0.026380471045052034
williams,0.02638047104505199
hayley,0.02638047104505199
paramore,0.02638047104505199
way,0.026366959158532453
burning,0.026117616035034177
migos,0.02611761603503415
sorry,0.02595899931739286
ties,0.025958999317392772
poker,0.025803840563746926
everlong,0.025803840563746894
fen,0.02580384056374678
pregunt,0.025803840563746763
maneater,0.02580384056374674
fallin,0.025803840563746686
ti,0.025749005161955406
lord,0.025725182927572882
ladies,0.025537527589733607
chainz,0.02553752758973355
alesso,0.02553752758973351
blake,0.025537527589733492
drink,0.025429286708147824
closer,0.02542928670814776
doesnt,0.025391681159060663
luther,0.02520784916227224
rehso,0.025207849162272186
faint,0.025207849162272172
mars,0.025207849162272148
guy,0.025207849162272117
hubiera,0.02520784916227211
conocido,0.02520784916227211
raid,0.025207849162272093
cee,0.025207849162272065
yeat,0.0251160558620743
moneybagg,0.025093595983557555
bieber,0.02509359598355746
times,0.02509359598355745
family,0.02501870236067956
demons,0.024984281792853207
bad,0.024952610080538024
oh,0.024892152696429602
album,0.02479551080805443
akon,0.024795510808054373
dive,0.024694584134415037
cinderella,0.024694584134414967
hbo,0.024611857760797533
kisses,0.024611857760797475
fortunate,0.024611857760797468
oopsi,0.024611857760797464
mean,0.024611857760797346
titanium,0.024497425632551268
jayz,0.024396792717818323
raye,0.024396792717818236
fair,0.024273112406755813
type,0.024273112406755767
brown,0.02427311240675575
dna,0.02427311240675572
johnson,0.024273112406755695
chandelier,0.024015866359322905
chantaje,0.02401586635932289
ric,0.024015866359322798
flair,0.024015866359322798
drip,0.024015866359322798
centuries,0.024015866359322718
obsessed,0.024015866359322718
club,0.023948957951561076
iv,0.023854117391432974
freaky,0.02385164067909646
twins,0.02385164067909645
jiggy,0.023851640679096446
training,0.02385164067909644
nate,0.023851640679096398
featuring,0.023708463390931998
alok,0.02370846339093199
legends,0.02368257645951405
bem,0.023430168951437267
santa,0.02343016895143726
cat,0.023430168951437194
pretender,0.023430168951437173
glorilla,0.023419874957848225
pretendes,0.023419874957848155
chrystal,0.023419874957848145
halfway,0.023419874957848145
paparazzi,0.02341987495784813
digger,0.023419874957848114
godzilla,0.023419874957848103
quevedo,0.02341987495784809
christina,0.023419874957848072
cooks,0.023419874957848065
cudi,0.023364298727488755
breakin,0.023008697223778008
rescue,0.02300869722377799
ridin,0.023008697223777984
bones,0.02300869722377796
rockstar,0.023008697223777956
freestyle,0.023001963358227358
kid,0.022827793956851947
redrum,0.02282388355637353
diga,0.022823883556373527
dios,0.022823883556373527
havana,0.022823883556373496
chemin,0.022823883556373468
eenie,0.02282388355637345
meenie,0.02282388355637345
circus,0.02282388355637345
hecha,0.02282388355637341
replay,0.022823883556373353
memories,0.02278098081924003
hotel,0.02270891457953254
face,0.022598405957797236
david,0.02259840595779717
jid,0.02258722549611882
went,0.02258722549611871
elvis,0.022331804737159486
practice,0.022227892154898884
dkiti,0.022227892154898846
felices,0.022227892154898832
forgot,0.022227892154898815
fukumean,0.02222789215489879
harper,0.022227892154898787
harvey,0.022227892154898787
lot,0.02222789215489878
fireflies,0.022227892154898777
giveon,0.02222789215489875
beihold,0.02222789215489875
emptiness,0.02222789215489872
desesperados,0.02222789215489872
river,0.02216575376845948
rico,0.022165753768459463
poppin,0.022165753768459445
aap,0.022112744228526316
doja,0.021814659053023145
lamour,0.02181465905302312
demi,0.02174428204080018
busta,0.02174428204080018
lovato,0.02174428204080018
rhymes,0.02174428204080018
mob,0.021744282040800155
crying,0.021725550250841653
dolla,0.021725550250841642
chris,0.021685290563876598
step,0.021663577966008235
codes,0.021643475410272933
evil,0.021631900753424214
j0rdan,0.021631900753424214
konshens,0.02163190075342421
ridah,0.021631900753424145
magnolia,0.021631900753424138
private,0.021631900753424103
landing,0.021631900753424103
gina,0.021631900753424096
yseult,0.02163190075342409
pabllo,0.02163190075342409
dishes,0.02163190075342408
naive,0.021631900753424072
florence,0.02163190075342404
hoodie,0.02151657387752005
boogie,0.02151657387752005
runaway,0.02145890807239302
wap,0.021322810313141004
episode,0.021322810313140973
clarity,0.021322810313140934
toes,0.02132281031314093
tonight,0.021308012665929327
yo,0.021271003033699245
limbo,0.021035909351949537
dawgs,0.021035909351949524
main,0.021035909351949447
nonstop,0.021035909351949444
embrace,0.02103590935194944
iii,0.021035909351949437
minutes,0.02103590935194941
nissan,0.02103590935194938
dababy,0.020977789538691984
midnight,0.02097778953869196
cole,0.020955146083386774
series,0.0209551460833867
pick,0.020955146083386684
motion,0.020925623715495455
boomin,0.020901338585481714
whistle,0.020901338585481707
kanye,0.02090133858548169
lovers,0.020658981537046754
toxic,0.020610981419943483
push,0.020553456870034525
mafia,0.02047986685782247
teenage,0.02047986685782245
ends,0.020479866857822448
bulletproof,0.020479866857822434
fantasias,0.020479866857822427
oaks,0.02047986685782239
levels,0.02043991795047484
notice,0.02043991795047483
finesse,0.02043991795047481
fkin,0.020439917950474798
problems,0.020439917950474798
2008,0.020439917950474795
klaas,0.020439917950474795
fkd,0.020439917950474777
destination,0.020439917950474774
lovegame,0.020439917950474763
laugh,0.020439917950474753
fwu,0.020439917950474715
gangnam,0.02043991795047468
charli,0.020439917950474666
bitch,0.02037161198817001
lets,0.020308400855610115
martin,0.02007392518590379
pat,0.020058395130163303
pieces,0.020058395130163196
echoes,0.02005839513016319
story,0.01992265209305718
kill,0.019906582751748312
round,0.019859055001700456
2023,0.019843926549000166
negra,0.019843926549000152
pedro,0.01984392654900014
missy,0.019843926549000124
elliott,0.019843926549000124
rest,0.01984392654900011
difference,0.01984392654900011
primadonna,0.019843926549000097
courtesy,0.019843926549000097
parade,0.019843926549000093
climb,0.01984392654900008
2055,0.019843926549000065
knife,0.019843926549000065
yummy,0.019843926549000055
pursuit,0.01984392654900005
happiness,0.01984392654900005
poe,0.019843926549000048
dull,0.01984392654900003
league,0.019843926548999996
roll,0.01981488415023185
em,0.019766480573087473
ft,0.01966314848465636
breaking,0.019636923402503982
stick,0.019636923402503916
bonn,0.019636923402503913
red,0.019610262125165905
pepas,0.019578487429614034
dreamin,0.019578487429614013
stuff,0.019419714217564422
live,0.019265509460659566
roddy,0.019265509460659545
ricch,0.019265509460659545
cynical,0.01924793514752551
gravagerz,0.01924793514752551
pool,0.01924793514752551
meltdown,0.019247935147525503
malachiii,0.01924793514752549
mo,0.019247935147525475
headstrong,0.019247935147525402
franchise,0.019247935147525395
misses,0.019247935147525395
nacer,0.01924793514752539
heavy,0.01924793514752536
marea,0.01924793514752535
dion,0.019247935147525163
celine,0.019247935147525163
hearts,0.019234322766170854
track,0.019234322766170833
work,0.019232984227218582
gimme,0.019224354374939485
scared,0.01921545167484468
pimp,0.019215451674844668
tjay,0.019215451674844664
turks,0.01921545167484463
sin,0.019176279950472386
line,0.01913189247349505
girl,0.018946006788643666
zombie,0.01889015810272768
crown,0.01889015810272762
camila,0.01879397994718546
cabello,0.01879397994718546
montana,0.018793979947185437
french,0.018793979947185437
onerepublic,0.018793979947185402
took,0.01879397994718538
dia,0.018793979947185346
mi,0.018675279880235082
nostlgico,0.01865194374605084
fuse,0.018651943746050836
nyla,0.018651943746050836
odg,0.018651943746050836
earned,0.018651943746050826
dernire,0.018651943746050823
dummo,0.018651943746050816
joker,0.018651943746050795
redone,0.018651943746050795
daya,0.018651943746050788
dugg,0.018651943746050767
paid,0.018651943746050767
morray,0.01865194374605076
radioactive,0.018651943746050743
pure,0.01865194374605074
embarrassed,0.018651943746050732
yuki,0.018651943746050732
pluggnb,0.018651943746050732
mamushi,0.018651943746050732
chiba,0.018651943746050732
lo,0.018621946232703742
habit,0.018372508219526233
years,0.018372508219526185
sticky,0.018372508219526164
lobby,0.01837250821952615
control,0.018178788673165663
bla,0.018055952344576284
flume,0.01805595234457618
outfit,0.018055952344576173
fisher,0.01805595234457617
rehab,0.018055952344576163
gemini,0.01805595234457616
gdfr,0.01805595234457616
lookas,0.01805595234457616
hours,0.01805595234457616
firework,0.018055952344576156
faneto,0.018055952344576146
drugs,0.01805595234457614
xxxtentacion,0.018055952344576135
flowdan,0.018055952344576125
irah,0.018055952344576125
gomez,0.01805595234457611
ely,0.018055952344576097
donttrustme,0.01805595234457609
yuh,0.018055952344576087
madison,0.01805595234457608
dougie,0.018055952344576073
highjack,0.018055952344576066
va,0.018055952344576066
glue,0.018055952344576055
ku,0.01805595234457605
deh,0.018055952344576038
cavazza,0.018055952344576028
efecto,0.01805595234457602
playboi,0.018047603707801462
carti,0.018047603707801462
city,0.018000334488820324
breath,0.017951036491866898
smack,0.01793955177148252
single,0.01764146659597943
gone,0.017584516535224602
dangerous,0.01752956476420769
riddle,0.017529564764207688
places,0.01752956476420765
clouds,0.01752956476420764
noise,0.017529564764207632
fancy,0.017529564764207615
teflon,0.017529564764207604
dutch,0.017513499448955028
smith,0.017513499448955003
owa,0.017459960943101503
hug,0.017459960943101493
murals,0.01745996094310149
highest,0.017459960943101482
lowest,0.017459960943101482
gremlin,0.01745996094310147
dial,0.01745996094310147
element,0.01745996094310146
fashion,0.01745996094310144
emotionally,0.01745996094310143
drankin,0.017459960943101423
dollaz,0.01745996094310141
diva,0.01745996094310141
glamorous,0.017459960943101403
nenah,0.017459960943101392
kick,0.01745996094310139
polvito,0.01745996094310139
florida,0.01745996094310136
georgia,0.01745996094310136
did,0.01736774700290059
dreams,0.01726953673625176
bailar,0.017169334785511848
cooler,0.017169334785511785
mockingbird,0.01710809303654845
grow,0.017108093036548422
son,0.017108093036548422
hasta,0.017108093036548415
fighting,0.017108093036548394
needs,0.017108093036548373
vert,0.01704529624497322
ellie,0.01704529624497318
sacrifice,0.01704529624497318
goulding,0.01704529624497318
ok,0.017029507711308355
light,0.017025671932106162
solo,0.016925991038764264
2009,0.016863969541626833
pistol,0.016863969541626812
paccin,0.016863969541626812
mamma,0.016863969541626805
mentissa,0.016863969541626805
gatti,0.016863969541626802
ong,0.016863969541626795
jumpman,0.01686396954162679
2011,0.016863969541626788
como,0.01686396954162678
makeba,0.01686396954162678
nuketown,0.01686396954162678
lioness,0.01686396954162678
lucas,0.016863969541626774
joyner,0.016863969541626774
meduza,0.016863969541626774
punishment,0.01686396954162676
2004,0.01686396954162676
faygo,0.01686396954162676
durdenhauer,0.016863969541626757
milli,0.016863969541626746
montero,0.016863969541626746
formation,0.01686396954162673
mamiii,0.01686396954162672
hideaway,0.016863969541626705
2021,0.016863969541626705
indeciso,0.016863969541626684
gunna,0.0168325393564118
fighter,0.016825170122068692
miami,0.01682517012206868
piece,0.016825170122068647
runnin,0.016825170122068647
kissed,0.016825170122068637
shit,0.016741937279552796
yeah,0.016695210247390437
altura,0.016686621308889184
hardwell,0.016659348860315584
juice,0.016449125893966944
wrld,0.016449125893966944
r3hab,0.016449125893966927
blah,0.016267978140152253
grace,0.01626797814015214
mandela,0.016267978140152135
ngga,0.01626797814015211
myron,0.016267978140152097
katy,0.016267978140152094
perry,0.016267978140152094
domination,0.01626797814015209
vroom,0.016267978140152073
exotica,0.016267978140152066
inz,0.016267978140152066
ecuador,0.01626797814015206
jane,0.016267978140152056
plain,0.016267978140152056
lighters,0.016267978140152052
2025,0.016267978140152052
cha,0.016267978140152052
revisited,0.01626797814015205
erick,0.01626797814015205
dub,0.01626797814015205
mk,0.01626797814015205
marar,0.01626797814015205
everybodys,0.016267978140152038
goodies,0.01626797814015203
petey,0.01626797814015203
lovefool,0.01626797814015203
pablo,0.01626797814015203
jamesjamesjames,0.01626797814015201
pow,0.01626514958122995
cyrus,0.01626514958122994
ink,0.01626514958122987
london,0.016151040718463773
alida,0.016136840795182548
lucky,0.016136840795182347
rock,0.01589954546962063
ross,0.015859422324969345
rick,0.015859422324969345
promises,0.015852955542960692
madonna,0.015843677853570663
til,0.01584367785357065
breathing,0.015843677853570635
perreo,0.01584367785357063
nightmare,0.01584367785357063
nova,0.01584367785357062
stiff,0.015843677853570604
sm,0.015843677853570597
gusta,0.015843677853570583
solto,0.015843677853570562
spin,0.015792676131739194
finally,0.015792676131739174
relacin,0.01567198673867748
insecurities,0.015671986738677476
dinero,0.01567198673867747
hustlin,0.01567198673867745
ketchup,0.015671986738677448
downs,0.015671986738677448
churchill,0.015671986738677448
gurls,0.01567198673867744
odd,0.01567198673867744
personalities,0.015671986738677434
mixed,0.015671986738677434
popstar,0.01567198673867743
duele,0.015671986738677427
houstonfornication,0.015671986738677417
euro,0.015671986738677417
craving,0.015671986738677417
intl,0.015671986738677403
microphone,0.0156719867386774
freestyler,0.0156719867386774
pyhu,0.015671986738677396
limit,0.01567198673867739
panda,0.01567198673867739
daisy,0.01567198673867739
human,0.015671986738677385
ciara,0.015671986738677382
fat,0.015671986738677382
levitating,0.015671986738677382
isak,0.015671986738677375
kills,0.015671986738677375
morten,0.015671986738677375
hymn,0.015671986738677365
mph,0.01567198673867736
envolver,0.015671986738677354
maze,0.01567198673867734
2006,0.015554870367457552
floor,0.015524765944092949
imanbek,0.015422206125911412
dua,0.015422206125911383
lipa,0.015422206125911383
candy,0.015422206125911369
rani,0.015422206125911362
pink,0.015422206125911348
passo,0.015422206125911306
california,0.015326137968071868
tu,0.01528133167700098
daddy,0.015281331677000937
home,0.015259122049835186
ofenbach,0.015256785191954602
sos,0.015104346804852882
tpain,0.015104346804852871
grave,0.015104346804852837
jinx,0.015075995337202806
distribution,0.015075995337202785
firestarter,0.015075995337202783
khalid,0.015075995337202778
plug,0.015075995337202776
medo,0.015075995337202774
maddix,0.015075995337202771
rhyme,0.015075995337202766
pijama,0.015075995337202757
1x1,0.015075995337202748
movie,0.015075995337202748
bum,0.015075995337202748
f1,0.015075995337202748
tam,0.015075995337202748
painkiller,0.015075995337202745
lotta,0.015075995337202741
majed,0.015075995337202736
charlies,0.015075995337202731
miley,0.015075995337202731
neva,0.015075995337202691
mujeriego,0.015075995337202682
play,0.015037897409909053
cheat,0.015000734398252188
violet,0.015000734398252173
belly,0.015000734398252169
choose,0.01500073439825215
humble,0.015000734398252141
band4band,0.0150007343982521
tweaker,0.015000734398252074
know,0.014950408446297352
talk,0.014844309493865048
danza,0.014760182141409698
post,0.014760182141409681
malone,0.014760182141409681
intro,0.01476018214140965
pasa,0.014579262670592927
pour,0.014579262670592903
tainy,0.014579262670592888
soulja,0.014579262670592882
gettin,0.014579262670592863
crespo,0.014579262670592827
damn,0.014480003935728134
dejas,0.01448000393572813
icky,0.014480003935728123
cops,0.0144800039357281
yessirskiii,0.014480003935728085
mein,0.014480003935728085
flag,0.014480003935728082
kat,0.014480003935728073
kitty,0.014480003935728073
heres,0.01448000393572807
leighton,0.014480003935728066
meester,0.014480003935728066
youve,0.014480003935728063
girlboss,0.014480003935728056
chamillionaire,0.014480003935728054
lip,0.014480003935728054
dem,0.014480003935728049
lush,0.014480003935728023
weeknd,0.014416017477966557
trust,0.014416017477966529
glock,0.014362529665445047
ludacris,0.014362529665444986
hurt,0.014157790942933696
pass,0.014157790942933624
quavo,0.014157790942933597
23,0.014157790942933587
hangover,0.014157790942933577
yachty,0.014071852814523543
youngboy,0.014071852814523443
peace,0.014071852814523344
bebe,0.014064444489941931
run,0.013976663098593007
lopez,0.01388401253425346
jennifer,0.01388401253425346
ricky,0.01388401253425346
distance,0.013884012534253453
pues,0.013884012534253452
pluto,0.013884012534253448
nails,0.013884012534253448
coke,0.013884012534253448
glo,0.013884012534253448
drums,0.013884012534253445
petras,0.013884012534253445
finish,0.013884012534253441
nbayoungboat,0.01388401253425343
pjanoo,0.013884012534253426
joni,0.013884012534253426
fonk,0.013884012534253426
lanez,0.013884012534253417
prstamo,0.013884012534253412
commercial,0.013884012534253412
logic,0.013884012534253407
isis,0.013884012534253407
cola,0.013884012534253407
purple,0.013884012534253405
lamborghini,0.013884012534253405
python,0.013884012534253403
felix,0.0138840125342534
misery,0.0138840125342534
jaehn,0.0138840125342534
pepper,0.013884012534253387
lemon,0.013884012534253387
phew,0.013884012534253384
drunk,0.013884012534253379
marnik,0.013884012534253372
marianela,0.013884012534253363
chan,0.013884012534253358
jackie,0.013884012534253358
dreamer,0.013884012534253346
wait,0.01378308458268936
villain,0.013736319215274389
kim,0.013736319215274358
handle,0.013736319215274339
millions,0.013736319215274323
waterfalls,0.013736319215274318
choppa,0.013727688151080194
shades,0.013606578597327926
bodies,0.013605008101348676
goodbye,0.013577291807357252
ice,0.013401741557836026
color,0.013383523487637074
loud,0.013383523487637028
killing,0.01338352348763702
rexha,0.013383523487637002
rita,0.013314847487615118
ora,0.013314847487615118
booty,0.013314847487615092
pm,0.013288021132778782
getto,0.013288021132778778
race,0.013288021132778775
nuxx,0.013288021132778775
finished,0.013288021132778768
derulo,0.013288021132778764
jason,0.013288021132778764
olly,0.013288021132778756
2014,0.013288021132778752
p2,0.013288021132778745
heatin,0.013288021132778743
maurice,0.013288021132778743
karol,0.013288021132778738
enjoy,0.013288021132778738
fergalicious,0.013288021132778735
peanut,0.013288021132778731
jelly,0.013288021132778731
maad,0.013288021132778731
icon,0.013288021132778724
kwabs,0.01328802113277872
polaroid,0.013288021132778714
yub,0.01328802113277871
gecko,0.013288021132778705
remedy,0.013288021132778688
eterna,0.013288021132778677
lights,0.013253725603827675
good,0.013240544326255335
anthem,0.013193000540481966
dark,0.013176483623935774
thank,0.013039358824193853
franky,0.012893375759955857
rizardo,0.012893375759955857
ur,0.012893375759955831
racks,0.01289337575995582
muda,0.01289337575995581
nunca,0.01289337575995581
record,0.012893375759955791
techno,0.012819599863012492
ray,0.012695194160750696
dalton,0.012695194160750696
thats,0.012695194160750692
galvanize,0.012692029731304129
quick,0.012692029731304108
musical,0.012692029731304108
hannah,0.012692029731304108
doodles,0.012692029731304108
hawk,0.012692029731304092
nav,0.012692029731304087
codeine,0.012692029731304087
katchi,0.01269202973130408
muvelo,0.01269202973130408
nick,0.01269202973130408
reggaetn,0.012692029731304079
mutant,0.012692029731304063
ninja,0.012692029731304063
madsonik,0.012692029731304063
eer,0.012692029731304061
flawless,0.012692029731304049
dahdah,0.012692029731304049
dah,0.012692029731304049
press,0.01269202973130404
greyhound,0.01269202973130404
qdmt,0.012692029731304032
reloaded,0.012692029731304028
microwave,0.012692029731304028
massane,0.012692029731304023
miller,0.012692029731304007
james,0.012638029866157361
wish,0.012574018612426286
turn,0.012551888326379086
bitter,0.012471904032296642
drive,0.012471904032296628
bufn,0.01247190403229657
mala,0.012351029497307582
throne,0.01235102949730757
survivor,0.012351029497307523
walk,0.012307047115543484
invincible,0.01227593343692324
tequila,0.012275933436923209
party,0.012143670897435604
mayores,0.012096038329829445
plutoski,0.012096038329829433
yuma,0.012096038329829433
magenta,0.012096038329829428
hawi,0.012096038329829426
nighter,0.012096038329829426
inwood,0.012096038329829426
nia,0.012096038329829424
ol,0.01209603832982942
remi,0.01209603832982942
champions,0.012096038329829419
flow,0.012096038329829417
costi,0.012096038329829407
mohombi,0.012096038329829407
pollution,0.012096038329829407
faydee,0.012096038329829407
learning,0.0120960383298294
drag,0.0120960383298294
example,0.012096038329829393
feet,0.012096038329829393
hats,0.012096038329829388
otaku,0.012096038329829388
happen,0.012096038329829372
delilah,0.012096038329829372
charla,0.012096038329829358
ceo,0.012096038329829358
mariposas,0.012096038329829353
hiss,0.012096038329829353
exclamao,0.012096038329829346
deadpool,0.012096038329829346
culture,0.012096038329829346
espacial,0.012096038329829346
nave,0.012096038329829346
pasos,0.012096038329829346
class,0.012096038329829346
pontos,0.012096038329829346
feid,0.012096038329829346
mojando,0.012096038329829346
losing,0.012064704166217844
team,0.012050432304637374
nicky,0.012050432304637346
naeleck,0.012050432304637334
ocho,0.012050432304637329
shivers,0.012050432304637326
hurts,0.012050432304637312
mustard,0.012050432304637294
ca,0.012050432304637287
crank,0.012006864833864367
100,0.012006864833864364
worry,0.011977848261420133
si,0.011977848261420048
satisfaction,0.011977848261420034
da,0.011915389354226855
barbie,0.011824490732720166
key,0.011662700170421215
glass,0.011662700170421201
time,0.01164815392689532
luv,0.011628960576978126
agua,0.011628960576978108
lighter,0.011628960576978055
dreaming,0.011628960576978034
liberation,0.011500046928354785
drinks,0.011500046928354763
corrupo,0.011500046928354763
reyez,0.011500046928354758
poblado,0.011500046928354758
jessie,0.011500046928354758
wooh,0.011500046928354744
lifetime,0.011500046928354738
jailbreak,0.011500046928354725
gee,0.011500046928354718
having,0.011500046928354718
est,0.011500046928354718
problem,0.01150004692835471
changed,0.011500046928354704
divine,0.011500046928354702
pipe,0.011500046928354695
nikol,0.011500046928354695
lionheart,0.011500046928354685
lagique,0.011500046928354678
kelis,0.01150004692835467
yak,0.01131853550697803
gotti,0.01131853550697803
possible,0.011318535506978027
domino,0.011207488849318823
massive,0.011207488849318803
stone,0.011207488849318803
song,0.011161858428718084
broke,0.011083592734910707
mar,0.010974370843534894
help,0.010974370843534855
costumbre,0.010904055526880082
djadja,0.010904055526880079
nelly,0.010904055526880074
furtado,0.010904055526880074
morado,0.010904055526880067
kiki,0.010904055526880063
numbers,0.010904055526880061
chick,0.01090405552688006
majesty,0.01090405552688006
culpa,0.01090405552688006
chame,0.01090405552688006
herro,0.010904055526880056
moby,0.010904055526880055
rex,0.01090405552688005
denzel,0.010904055526880048
cordae,0.010904055526880048
curry,0.010904055526880048
ybn,0.010904055526880048
emotion,0.010904055526880046
drowned,0.010904055526880046
fridayy,0.010904055526880039
infared,0.010904055526880039
jhen,0.01090405552688002
mujeres,0.010904055526880016
hombres,0.010904055526880016
loto,0.010904055526880008
fulanito,0.010904055526880008
dancing,0.010867849768771589
hard,0.010817422661973941
newman,0.010786017121659622
resistance,0.01078601712165955
swae,0.010786017121659544
lee,0.010786017121659544
kodak,0.01078601712165954
criminal,0.01078601712165954
friend,0.01063020618009171
knows,0.01063020618009171
survive,0.010630206180091702
lake,0.010487422383904536
real,0.010487422383904463
messy,0.0103645453940003
major,0.010364545394000281
gunfinger,0.010308064125405421
fica,0.010308064125405421
louca,0.010308064125405421
chainsmoking,0.01030806412540542
montage,0.010308064125405417
mustang,0.010308064125405416
chaos,0.010308064125405414
loop,0.01030806412540541
nigga,0.010308064125405397
clementine,0.010308064125405397
douglas,0.010308064125405397
cooped,0.01030806412540538
orchestra,0.010308064125405378
ignition,0.010308064125405369
classical,0.010308064125405367
fetty,0.010308064125405362
lunis,0.01030806412540535
drinking,0.01030806412540534
gets,0.01028604151664856
outside,0.010286041516648543
voodoo,0.010286041516648506
sleep,0.010198422162477929
blame,0.010158641855403869
noche,0.00999329439909697
wunna,0.009943073666341062
affair,0.009943073666341055
holy,0.00994307366634104
rivers,0.009943073666341036
toujours,0.009891252032898151
cash,0.00983247434159592
lonely,0.009776697171864857
pretty,0.009726652220648198
grey,0.009719570204419195
madhouse,0.009712072723930747
norma,0.009712072723930746
martine,0.009712072723930746
hotstepper,0.009712072723930746
2005,0.009712072723930744
ferg,0.00971207272393074
problema,0.009712072723930739
past,0.009712072723930733
ragnbone,0.009712072723930733
hesitate,0.009712072723930732
diarabi,0.009712072723930725
giz,0.00971207272393072
despacito,0.009712072723930706
newell,0.009712072723930699
cried,0.009712072723930699
daughtry,0.009712072723930697
freefall,0.009712072723930697
closet,0.009712072723930694
prisoner,0.009712072723930688
leads,0.009712072723930659
hole,0.009597712189762232
rip,0.009597712189762218
whispers,0.009521601938681807
pared,0.009521601938681777
contra,0.009521601938681777
rain,0.009438909266793858
tinie,0.009253547526319045
tempah,0.009253547526319045
children,0.009253547526319034
everytime,0.009195474999701914
um,0.00911608132245622
hba,0.009116081322456076
instagram,0.009116081322456074
ragdoll,0.009116081322456072
joris,0.00911608132245607
cuidado,0.009116081322456069
manifesto,0.009116081322456067
enrique,0.00911608132245606
ftbol,0.00911608132245606
iglesias,0.00911608132245606
definitivamente,0.009116081322456058
liquor,0.009116081322456046
cigarettes,0.009116081322456046
jealous,0.009116081322456046
plagued,0.009116081322456044
darkbloom,0.009116081322456032
nardo,0.009116081322456029
marshmello,0.009116081322456027
mop,0.009116081322456022
geek,0.00911608132245602
designer,0.009116081322456013
dientes,0.009116081322456003
magical,0.009116081322455989
discoteque,0.009100130211022581
prada,0.009100130211022567
sprinter,0.009100130211022541
marc,0.009100130211022532
luxury,0.00910013021102253
ghetto,0.008996996506388851
wasted,0.008996996506388848
mia,0.008909382862875884
mr,0.008859406605395225
salute,0.008698911330885715
william,0.008678658483363357
secrets,0.008678658483363333
central,0.008678658483363315
physical,0.008678658483363274
versin,0.008678658483363265
latin,0.008678658483363261
wolves,0.008565218199432725
fuego,0.008565218199432715
payne,0.0085200899209814
liam,0.0085200899209814
renitch,0.0085200899209814
juez,0.0085200899209814
moderation,0.0085200899209814
madan,0.00852008992098139
duri,0.008520089920981386
r50,0.008520089920981385
diamond,0.008520089920981357
maynard,0.008520089920981347
conor,0.008520089920981347
hells,0.008520089920981345
outcast,0.008520089920981343
rhodes,0.008520089920981333
goodboys,0.008520089920981315
mabel,0.008520089920981314
juicy,0.008520089920981291
friday,0.008400826155382615
new,0.008300659704719096
lento,0.00825718675570405
matters,0.008257186755704025
25,0.008257186755704016
life,0.008223097942400854
kings,0.008221053535989642
short,0.008221053535989559
breathe,0.008126799149955838
ooh,0.007966576801300128
cuarentena,0.007924098519506727
otra,0.007924098519506727
jamaica,0.007924098519506722
deeplow,0.007924098519506716
hood,0.007924098519506713
expression,0.007924098519506713
politics,0.007924098519506713
playin,0.007924098519506711
drakeo,0.00792409851950671
frikitona,0.007924098519506708
lennox,0.007924098519506699
lethal,0.007924098519506694
industry,0.007924098519506694
opp,0.007924098519506692
mud,0.007924098519506687
cobra,0.007924098519506685
nazareno,0.007924098519506685
emelie,0.007924098519506668
para,0.007924098519506654
holly,0.007924098519506652
rappa,0.007924098519506647
es,0.007924098519506642
foutu,0.007924098519506642
von,0.007876888872546426
bounce,0.00787688887254638
colors,0.00787688887254637
disturbia,0.007860156971507045
god,0.00784505987796425
telephone,0.00783571502804482
honey,0.00783571502804481
beggin,0.00783571502804476
patek,0.007835715028044752
heads,0.007804655804376371
john,0.007734869397150168
brightside,0.0074142433003855516
resort,0.007414243300385523
taki,0.007414243300385523
renaissance,0.00741424330038551
espao,0.007414243300385508
liminal,0.007414243300385508
glockaveli,0.0073281071180320585
20s,0.007328107118032058
glacier,0.007328107118032058
pase,0.007328107118032054
rabo,0.0073281071180320515
jogando,0.0073281071180320515
mosimann,0.007328107118032033
crushed,0.007328107118032018
latch,0.007328107118032015
journey,0.00732810711803201
duke,0.0073281071180319995
melhor,0.007328107118031994
kvsh,0.007328107118031994
gunuc,0.0073281071180319925
ilkan,0.0073281071180319925
lalala,0.0073281071180319925
climbing,0.007328107118031985
xyconstant,0.007328107118031978
letting,0.007328107118031978
fight,0.007289036016187544
crush,0.0071885595456600716
collapse,0.006992771572726331
sing,0.006992771572726327
tchami,0.006992771572726298
ella,0.006992771572726284
una,0.006992771572726277
mask,0.00699277157272627
word,0.006992771572726261
hollaback,0.0069927715727262476
nothin,0.0069927715727262476
immortal,0.006992771572726247
boy,0.0069732227995941976
head,0.006934015880429748
jess,0.006910400277866998
long,0.006891390043678116
mamacita,0.006844394882216877
man,0.006799661271277242
lithium,0.006732115716557379
ego,0.006732115716557379
gud,0.006732115716557378
heyy,0.006732115716557368
raw,0.006732115716557355
lennon,0.006732115716557352
yg,0.006732115716557349
extra,0.006732115716557349
darkness,0.006732115716557348
fit,0.006732115716557338
mosey,0.006732115716557337
maria,0.006732115716557329
pia,0.006732115716557329
toco,0.0067321157165573286
jonas,0.006732115716557328
prez,0.0067321157165573225
modern,0.0067321157165573225
ojal,0.006732115716557319
nene,0.006732115716557319
digits,0.006732115716557318
conceited,0.006732115716557318
lovespeake,0.006732115716557315
gordon,0.006732115716557314
pocus,0.006732115716557312
deja,0.006732115716557312
hocus,0.006732115716557312
lucid,0.006732115716557309
drinkin,0.006732115716557305
hungry,0.006571299845067031
sped,0.006571299845067018
exgirlfriend,0.006571299845067017
brain,0.006571299845067007
odds,0.00657129984506699
starlight,0.006571299845066986
okay,0.00657129984506698
burn,0.0065522592943078285
better,0.006530974394094636
dancer,0.006526946079263363
think,0.00649374407116885
yes,0.006416773618037138
hello,0.006314229926860663
final,0.006260303900814629
different,0.006260303900814585
dubdogz,0.006156065555330577
gon,0.006156065555330576
ii,0.0061560655553305555
styles,0.006149828117407798
attack,0.006149828117407771
elevate,0.006149828117407762
cometa,0.0061361243150827105
estelar,0.0061361243150827105
chromeo,0.006136124315082707
forgive,0.006136124315082707
dillon,0.006136124315082705
cuenta,0.006136124315082705
dynamitee,0.006136124315082703
gorgeous,0.006136124315082702
perdiendo,0.006136124315082696
current,0.00613612431508269
confessions,0.006136124315082685
muchacha,0.006136124315082682
gambling,0.0061361243150826715
dubidub,0.0061361243150826715
olivia,0.00613612431508267
nol,0.00613612431508267
quer,0.006136124315082667
land,0.006136124315082659
chula,0.0061361243150826585
history,0.006136124315082657
youngster,0.0061361243150826516
daytrip,0.00613612431508265
lewis,0.006136124315082649
y2k,0.006136124315082649
legend,0.00601614475135762
wake,0.005993661722365855
wrong,0.005993661722365825
bout,0.005811900891887429
mood,0.005811900891887422
shout,0.005811900891887413
infinity,0.005811900891887384
sky,0.005770309761040406
jeff,0.005728356389748497
bring,0.0057283563897484934
paul,0.00572835638974848
sean,0.0057180595758545
break,0.005650979901111958
magic,0.005650663654033779
heart,0.005544384988866576
emoes,0.00554013291360804
mistas,0.00554013291360804
harding,0.005540132913608036
karen,0.005540132913608036
process,0.005540132913608036
cero,0.0055401329136080275
edicius,0.005540132913608024
reaper,0.005540132913608023
coo,0.005540132913608014
dyro,0.005540132913608014
phunky,0.005540132913608014
lotus,0.005540132913608011
mobilizadora,0.005540132913608003
chle,0.005540132913608
lox,0.005540132913607997
notorious,0.005540132913607997
gransson,0.005540132913607997
ludwig,0.005540132913607997
erased,0.0055401329136079945
kabuki,0.005540132913607983
code,0.005540132913607974
harlow,0.005540132913607971
passes,0.005540132913607971
late,0.005540132913607967
gangsta,0.005540132913607947
baila,0.005506640518791293
nasty,0.005467736228444251
dont,0.005374843866642876
star,0.005306884662089263
enemy,0.005306884662089247
dura,0.005306884662089242
intergalactic,0.005306884662089219
seat,0.005306884662089217
pussy,0.005306884662089214
got,0.005215912732188676
pump,0.005199865833896792
jean,0.005123571565001073
day,0.005030594746143251
firestone,0.004944141512133366
reflections,0.004944141512133365
funka,0.004944141512133364
chimba,0.004944141512133362
keeper,0.004944141512133357
motivated,0.004944141512133355
check,0.004944141512133354
heartache,0.004944141512133354
chao,0.004944141512133336
guitar,0.004944141512133326
driving,0.0049441415121333175
milk,0.004944141512133315
making,0.004944141512133308
freek,0.004944141512133277
bag,0.004885412934430019
blessing,0.004885412934430018
bloodline,0.004885412934429982
temperature,0.004885412934429973
abracadabra,0.004885412934429944
bank,0.004823804049345099
night,0.004812463082901948
glynne,0.004779406901557918
rude,0.004779406901557911
waiting,0.004715997284507607
leave,0.00470433719487674
los,0.004570223924954594
kuduro,0.004525718873841987
afraid,0.004525718873841975
flashlight,0.004463941206770756
babe,0.004463941206770739
lante,0.004463941206770739
shes,0.004463941206770731
summit,0.004463941206770724
echo,0.004463941206770724
nightmares,0.004463941206770702
rich,0.004435242238114785
uzi,0.004393808651673415
moment,0.004393808651673335
inch,0.004348150110658694
dots,0.004348150110658694
prayers,0.004348150110658694
poolside,0.004348150110658694
rendezvous,0.004348150110658692
narina,0.004348150110658691
farruko,0.004348150110658687
horrid1,0.0043481501106586865
pem,0.004348150110658686
english,0.004348150110658685
nle,0.004348150110658682
funky,0.004348150110658681
chuck,0.004348150110658681
narrow,0.004348150110658681
famax,0.004348150110658679
kiddo,0.004348150110658677
issey,0.004348150110658675
cross,0.004348150110658675
izzy,0.0043481501106586735
aint,0.004298270193622777
mode,0.004227633698338846
takes,0.004127166473224645
dare,0.004091077574671577
hurricane,0.00409107757467157
war,0.004083409798587959
like,0.004060195647009799
bells,0.0040424694791115125
started,0.004042469479111509
halo,0.004042469479111501
countdown,0.004042469479111481
fearless,0.0040424694791114804
starships,0.004042469479111468
2000,0.0037521587091840294
greece,0.0037521587091840294
lugar,0.0037521587091840195
koe,0.0037521587091840195
ratito,0.0037521587091840186
outsiders,0.0037521587091840177
libert,0.0037521587091840177
hedonist,0.0037521587091840173
helpless,0.003752158709184017
pressao,0.003752158709184017
mariachi,0.003752158709184017
forbidden,0.0037521587091840156
melody,0.003752158709184014
hort,0.0037521587091840125
fuckin,0.0037521587091840104
mins,0.0037521587091840073
mesmerized,0.0037521587091840056
hunger,0.0037521587091840043
just,0.0037039084498676086
born,0.0036616848079748807
praise,0.0036314633473325526
keys,0.0036209977514522615
moving,0.003620997751452258
malcia,0.0036209977514522463
deriva,0.0036209977514522463
selecta,0.0036209977514522302
awake,0.003620997751452221
sexyback,0.003620997751452218
bleed,0.0035938821163271554
bailando,0.0035938821163271255
metro,0.00340274824778526
pressure,0.0034027482477852504
qu,0.003402748247785244
numb,0.0034027482477852317
desire,0.003333378171829464
slow,0.0033272399378784317
van,0.003199526023792995
herbo,0.0031995260237929787
bloom,0.0031995260237929787
pollyanna,0.0031995260237929774
avicii,0.003199526023792971
freed,0.003199526023792969
sofia,0.003199526023792968
edge,0.003199526023792966
esse,0.003199526023792964
houdini,0.0031995260237929583
ones,0.0031995260237929544
surrender,0.0031995260237929536
nite,0.003199526023792937
loreley,0.0031561673077093602
kalinka,0.0031561673077093602
expander,0.003156167307709348
merci,0.0031561673077093472
ranger,0.0031561673077093464
letal,0.0031561673077093464
influence,0.0031561673077093464
lyrah,0.0031561673077093464
drugsmov,0.0031561673077093455
modales,0.0031561673077093455
pierde,0.0031561673077093455
malou,0.003156167307709345
cassa,0.0031561673077093446
ome,0.0031561673077093433
duo,0.0031561673077093433
espresso,0.0031561673077093416
macchiato,0.0031561673077093416
link,0.00315616730770934
millionaire,0.0031561673077093347
20,0.003156167307709334
potter,0.003156167307709334
weekend,0.003060597759429601
happy,0.0030585835843420727
rhythm,0.002793955580980951
banks,0.0027780542961337363
enisa,0.00277805429613372
secret,0.0027780542961337133
inferno,0.002778054296133696
answer,0.0027144189208989254
pop,0.0027144189208989163
lollipop,0.002714418920898912
million,0.0027144189208988946
dummy,0.002560175906234697
petricca,0.0025601759062346954
nicholas,0.0025601759062346954
finale,0.0025601759062346954
keeping,0.0025601759062346906
fr,0.002560175906234674
mmrs,0.002560175906234674
listens,0.0025601759062346733
fatale,0.002560175906234673
femme,0.002560175906234673
dbl,0.0025601759062346724
celery,0.0025601759062346724
extendida,0.0025601759062346724
luta,0.002560175906234672
decision,0.002560175906234671
fairytale,0.00256017590623467
glizock,0.00256017590623467
price,0.00256017590623467
ode,0.00256017590623467
jolene,0.0025601759062346694
reyes,0.0025601759062346694
farina,0.0025601759062346694
darell,0.002560175906234669
natasha,0.002560175906234669
colegiala,0.002560175906234669
jody,0.002560175906234669
pumped,0.002560175906234669
natti,0.002560175906234669
corao,0.0025601759062346663
esta,0.002560175906234662
nechie,0.0025601759062346594
leche,0.002560175906234656
deprimida,0.0025601759062346555
contigo,0.002527313402532195
pa,0.002402965727224891
level,0.0023702542574557464
knees,0.0023565825684744566
jerk,0.002356582568474442
borderline,0.0023565825684744293
remember,0.0022606712240834325
dust,0.002141037469817057
seek,0.002141037469817042
ambition,0.0021410374698170092
going,0.002066839870611624
whos,0.002026089594012589
hung,0.0020260895940125865
wolf,0.001994029045634725
stronger,0.0019940290456347117
nightcrawler,0.0019641845047600128
malaa,0.0019641845047599993
mercer,0.0019641845047599993
fiyaaah,0.0019641845047599993
france,0.0019641845047599993
jesso,0.001964184504759999
gros,0.0019641845047599985
rabeta,0.0019641845047599985
2022,0.0019641845047599967
luvstruck,0.0019641845047599967
legacy,0.0019641845047599967
medley,0.0019641845047599963
diner,0.0019641845047599963
religion,0.0019641845047599963
chances,0.001964184504759995
kehlani,0.0019641845047599932
grl,0.0019641845047599932
icy,0.0019641845047599932
jodye,0.001964184504759992
lpfj2,0.001964184504759992
flacko,0.001964184504759992
fergie,0.0019641845047599906
nutcase,0.0019641845047599906
hunt,0.0019641845047599863
dnb,0.0019641845047599833
flip,0.0019641845047599833
deserve,0.001964184504759982
reload,0.0019351108408152318
cheri,0.0019351108408152192
joy,0.0019351108408152016
healing,0.0019351108408151945
cent,0.0019351108408151797
50,0.0019351108408151797
harder,0.0019351108408151626
berlin,0.0018429522943138707
scream,0.0018429522943138633
tove,0.0018429522943138276
danger,0.0016819249305694344
ms,0.001569213806000222
champion,0.0015448671188107662
things,0.0015448671188107528
phone,0.0015448671188107528
joel,0.00151363911315599
corry,0.00151363911315599
sign,0.0015136391131559642
watch,0.0014055784527590791
folks,0.0013681931032853262
kids,0.0013681931032853254
hills,0.001368193103285325
queen,0.001368193103285325
professor,0.0013681931032853232
nicotine,0.0013681931032853225
daydream,0.0013681931032853225
lifes,0.0013681931032853223
mice,0.0013681931032853197
dying,0.0013681931032853197
pauley,0.0013681931032853197
doe,0.0013681931032853184
meneito,0.0013681931032853171
abusador,0.0013681931032853171
luego,0.0013681931032853167
kelsey,0.0013681931032853165
griffin,0.0013681931032853163
said,0.0013377602671262353
lost,0.0013027890373769958
days,0.0012980876328059566
shoot,0.0012467819433076102
rules,0.0012467819433076058
gonna,0.0011255234422926613
paradise,0.001124643613843473
comes,0.0010921673854967133
struggle,0.0010921673854967
boston,0.0010921673854966446
outta,0.000993595603683107
dip,0.000993595603683094
best,0.0009486967678044915
gotta,0.000948696767804439
wont,0.0009447654047376144
mercy,0.0009274603318396778
blood,0.0009187099185751176
low,0.0007833207564780806
pam,0.0007745043035358362
percocets,0.000772201701810653
pan,0.0007722017018106517
jabi,0.0007722017018106517
nightbird,0.0007722017018106517
navigator,0.0007722017018106514
cultura,0.0007722017018106513
dominate,0.0007722017018106505
janeiro,0.0007722017018106505
luck,0.0007722017018106497
doechii,0.0007722017018106496
loves,0.0007722017018106492
expired,0.0007722017018106492
leash,0.0007722017018106491
fuski,0.0007722017018106491
dodge,0.0007722017018106491
toca,0.0007722017018106491
language,0.0007722017018106489
emmy,0.0007722017018106488
heal,0.000772201701810648
guts,0.0007722017018106476
puesto,0.0007722017018106472
otro,0.0007722017018106472
quitao,0.0007722017018106472
quedate,0.0007722017018106466
fiddle,0.0007722017018106463
eyden,0.0007722017018106463
duki,0.0007722017018106459
cuco,0.0007722017018106459
letters,0.0007722017018106454
dirty,0.0006918876325268192
jacob,0.0006706956578375068
mister,0.0006706956578374568
weak,0.0006706956578374544
redemption,0.0006706956578374409
change,0.0006706956578374401
fresh,0.0006706956578374401
mnek,0.0006706956578374286
omg,0.0006706956578374165
afro,0.0006706956578374152
plan,0.0006506115923014075
blue,0.0006506115923013571
wanna,0.0004994324196504384
vida,0.00039417597494218853
care,0.00030526627679676563
amsterdam,0.0003052662767967565
hill,0.0003052662767967515
hum,0.0002492239301781964
double,0.0002492239301781872
xtc,0.000249223930178185
liar,0.00024922393017814737
lies,0.00017621030033597977
megatron,0.0001762103003359797
2019,0.0001762103003359796
nulight,0.0001762103003359796
lately,0.0001762103003359796
diamont,0.0001762103003359796
in2minds,0.0001762103003359794
lips,0.00017621030033597895
mwaki,0.00017621030033597885
rbxhs,0.00017621030033597882
forge,0.00017621030033597882
feldt,0.0001762103003359785
deseo,0.00017621030033597757
die,0.00014857509823222836
project,0.00012753379649343483
sweet,8.458632191920885e-05
world,3.1448021033332304e-05
child,-3.889838664639322e-05
fuck,-3.889838664639568e-05
flo,-3.889838664640733e-05
jump,-0.0001391083819552441
vai,-0.0001722477974810503
yankee,-0.00017224779748106731
jogo,-0.0001722477974810832
dancefloor,-0.00038306305008955674
reason,-0.00038306305008957724
chance,-0.00040575056040398046
hipnotize,-0.00041978110113869
corazn,-0.00041978110113869
laten,-0.00041978110113869
present,-0.0004197811011386903
europa,-0.0004197811011386903
lpw,-0.00041978110113869116
mishaal,-0.00041978110113869116
motive,-0.0004197811011386915
pappi,-0.0004197811011386917
musica,-0.0004197811011386924
ptsd,-0.00041978110113869257
reaction,-0.0004197811011386928
diary,-0.00041978110113869284
overload,-0.000419781101138693
meteorite,-0.000419781101138693
mueves,-0.00041978110113869327
loli,-0.0004197811011386934
jeans,-0.00041978110113869343
heaven,-0.00046506044774471733
use,-0.0005937195251402911
monaco,-0.0005937195251403236
stuck,-0.0005937195251403241
symmetrik,-0.0005937195251403254
seorita,-0.0005937195251403328
corazon,-0.0005937195251403771
ozuna,-0.0006723927388527107
shop,-0.0007272277135327069
video,-0.0008398142852142233
beast,-0.000885904737952773
tell,-0.0009347519046636254
unexpected,-0.0010151912527995763
alpha,-0.001015191252799581
paso,-0.0010157725026133586
hottie,-0.0010157725026133592
prima,-0.0010157725026133599
cena,-0.0010157725026133599
donna,-0.0010157725026133599
hexo,-0.0010157725026133612
chiquitan,-0.0010157725026133616
proved,-0.0010157725026133622
fucking,-0.001015772502613364
crew,-0.0010157725026133642
invaders,-0.0010157725026133648
native,-0.001015772502613366
pesada,-0.0010157725026133666
left,-0.0010287642181606004
friends,-0.0010615294065087135
fast,-0.0011378994607173455
ive,-0.0011378994607174682
room,-0.0012056770957502134
paris,-0.0012721984852525593
pull,-0.0014155570404190488
boss,-0.0014155570404190592
fade,-0.0014155570404190735
needed,-0.0014155570404190735
vibe,-0.0014359846362204884
chicago,-0.001436662980458807
aposta,-0.0014366629804588305
dr,-0.0014366629804588348
options,-0.0014366629804588849
dead,-0.0015621014681582966
pudding,-0.0016117639040880282
proof,-0.0016117639040880282
hosselaar,-0.0016117639040880284
lapdance,-0.0016117639040880288
complaints,-0.0016117639040880306
naughty,-0.0016117639040880308
luna,-0.0016117639040880308
eternas,-0.0016117639040880312
phonk,-0.0016117639040880325
nfl,-0.0016117639040880325
rekt,-0.0016117639040880325
oscuro,-0.0016117639040880338
deprived,-0.001611763904088034
clown,-0.0016117639040880343
playedalive,-0.0016117639040880353
mente,-0.0016117639040880373
peligroso,-0.0016117639040880373
clocks,-0.0016117639040880384
generator,-0.0016117639040880388
graceman,-0.0016117639040880388
comeback,-0.001611763904088039
jengi,-0.0016117639040880392
deep,-0.0016579983652727451
boys,-0.0017340698117236447
woman,-0.0017340698117236687
angels,-0.0017389614526477429
mad,-0.0017875003782268268
mexico,-0.0018581347081180618
rida,-0.0018581347081180878
teach,-0.0018581347081181021
solid,-0.0018581347081181422
balvin,-0.0020321549872267418
afterglow,-0.0021038863673054
vain,-0.0021038863673054045
revolver,-0.0022077553055626863
minefields,-0.0022077553055626876
parola,-0.0022077553055626893
dire,-0.0022077553055626893
non,-0.0022077553055626893
fruta,-0.0022077553055626976
focal,-0.0022077553055626985
point,-0.0022077553055626985
overnight,-0.0022077553055626985
marino,-0.0022077553055626985
perdida,-0.0022077553055626993
coles,-0.0022077553055626998
mentality,-0.0022077553055627015
riding,-0.002207755305562702
groeien,-0.0022077553055627024
quiet,-0.002207755305562706
favors,-0.002207755305562706
chapter,-0.0022077553055627063
remasterizado,-0.0022077553055627063
fotonovela,-0.0022077553055627063
grrr,-0.0022077553055627076
ceiling,-0.0022077553055627093
gamerbro,-0.0022077553055627093
pega,-0.0022077553055627106
discolight,-0.0022077553055627106
puta,-0.0022077553055627106
follow,-0.0022382981983637995
hell,-0.0022722458095451206
people,-0.002272245809545215
anthony,-0.0022796064357772476
later,-0.00227960643577733
bertie,-0.0022796064357773335
middle,-0.0022796064357773365
toma,-0.0022796064357773435
spooky,-0.0022796064357773443
castle,-0.002279606435777391
fun,-0.002279606435777391
pain,-0.00233024016272986
wants,-0.0023302401627299167
panic,-0.0024480510307485636
save,-0.0024636971084323143
theme,-0.0025388879879939155
greatness,-0.002538887987993947
escape,-0.002664190051221609
unforgettable,-0.0027010781634365915
katfyr,-0.002701078163436604
pushin,-0.002792215694191714
dumb,-0.002803746707037352
dominator,-0.0028037467070373538
realestk,-0.0028037467070373546
proost,-0.0028037467070373577
maximum,-0.0028037467070373624
lollapalooza,-0.002803746707037364
cups,-0.002803746707037369
outwork,-0.0028037467070373694
genjo,-0.0028037467070373724
heartstrings,-0.0028037467070373737
je,-0.002803746707037377
bota,-0.0028037467070373794
passa,-0.0028037467070373807
morena,-0.0028037467070373807
raio,-0.002803746707037384
hips,-0.002803746707037384
gente,-0.002805530166442696
alive,-0.002832676986485348
dom,-0.0028757914350332663
men,-0.0029264105137361404
cherry,-0.0029264105137361426
don,-0.0029361135859691033
beat,-0.0030059051135876854
pray,-0.0030721723448914424
megan,-0.003122549891095752
enamorada,-0.00312254989109584
lone,-0.0031225498910958456
bulls,-0.0031225498910958504
electric,-0.0031225498910958504
ram,-0.0031225498910958604
sandstorm,-0.003122549891095875
date,-0.003136380357634894
block,-0.0031363803576348963
voices,-0.0031363803576348976
didnt,-0.0031363803576349115
chasing,-0.003219672621988255
extended,-0.003296777537141296
henderson,-0.0033997381085120134
incontrolable,-0.0033997381085120243
oceano,-0.0033997381085120243
24kgoldn,-0.003399738108512026
forged,-0.0033997381085120386
leader,-0.00339973810851204
youll,-0.00339973810851204
promiscuous,-0.0033997381085120438
dotter,-0.003399738108512051
denca,-0.003399738108512053
maitreya,-0.0033997381085120564
mog,-0.003399738108512057
pensar,-0.0033997381085120572
dejar,-0.0033997381085120572
mingle,-0.0033997381085120572
far,-0.0034359388691697587
cold,-0.0034631068890802353
overdrive,-0.003480545021078056
guilty,-0.0034805450210780705
rose,-0.0035225808647423302
defiant,-0.0035440216187550846
animal,-0.0035440216187551
radar,-0.0035440216187551028
waterfall,-0.003544021618755104
listen,-0.0035440216187551075
built,-0.0035440216187551136
mami,-0.003544021618755136
strong,-0.003605456701788901
sun,-0.003732068032014638
freak,-0.0038206660402454466
cars,-0.0038247096845212274
que,-0.003898484208368572
im,-0.003922602518779148
kernkraft,-0.003965493346414347
400,-0.003965493346414347
papi,-0.0039654933464143595
knight,-0.003965493346414361
shape,-0.003965493346414383
englund,-0.003995729509986683
hallelujah,-0.00399572950998669
nao,-0.003995729509986694
desista,-0.003995729509986694
chamas,-0.003995729509986697
gah,-0.003995729509986698
mah,-0.003995729509986698
disease,-0.003995729509986701
east,-0.003995729509986704
confuse,-0.003995729509986705
ynw,-0.00399572950998671
melly,-0.00399572950998671
krushonme,-0.003995729509986716
heineken,-0.003995729509986718
grand,-0.003995729509986718
formula,-0.003995729509986718
prix,-0.003995729509986718
godly,-0.003995729509986724
cheap,-0.003995729509986724
champagne,-0.003995729509986724
r3wire,-0.003995729509986725
daily,-0.0039957295099867255
mudo,-0.003995729509986726
helicopter,-0.003995729509986728
frozen,-0.003995729509986729
version,-0.004031755921381095
stay,-0.004069200842618268
heartbreak,-0.00409255668122297
se,-0.004138741058686414
spanish,-0.004168874347964384
hey,-0.004266888388980371
g6,-0.004386965074073622
dogg,-0.004386965074073624
brisa,-0.004386965074073634
repeat,-0.004405383237135105
roses,-0.00443684395744807
stand,-0.004436843957448083
el,-0.0044435970466902485
truth,-0.004513039011407559
reputation,-0.0045917209114613245
devine,-0.004591720911461359
feather,-0.004591720911461371
fk,-0.004591720911461373
mediocrity,-0.004591720911461373
omar,-0.004591720911461373
ga,-0.004591720911461391
gaga,-0.004591720911461391
moudness,-0.004591720911461393
rework,-0.004591720911461393
daisuke,-0.0045917209114614
hrger,-0.0045917209114614
marten,-0.0045917209114614
injustice,-0.004591720911461401
drill,-0.004591720911461402
jumpstorm01,-0.004591720911461402
charge,-0.0045917209114614025
mueve,-0.004591720911461403
luz,-0.004591720911461403
piel,-0.004591720911461403
pushing,-0.004591720911461404
nikes,-0.004591720911461405
chakra,-0.004591720911461405
promise,-0.004591720911461408
diamonds,-0.004680278224540053
air,-0.004680278224540083
traitors,-0.004808436801732866
haters,-0.004808436801732866
sonhar,-0.004808436801732868
macklemore,-0.004808436801732887
patrick,-0.004808436801732887
stump,-0.004808436801732887
chains,-0.004808436801732891
talking,-0.004808436801732894
forth,-0.004808436801732913
scars,-0.004808436801732945
came,-0.004895785534881193
youre,-0.004938667594032654
machine,-0.0049386675940326875
rise,-0.004983677499593689
esquea,-0.005187712312936028
privado,-0.005187712312936031
jaykae,-0.005187712312936035
patexx,-0.005187712312936035
channel,-0.005187712312936037
dubvision,-0.005187712312936043
medallo,-0.005187712312936059
rd,-0.005187712312936059
keeps,-0.005187712312936062
mission,-0.005187712312936064
dawn,-0.005187712312936064
dreamers,-0.005187712312936066
changes,-0.005187712312936067
moxiie,-0.005187712312936068
hd,-0.005187712312936068
princess,-0.005187712312936069
diana,-0.005187712312936069
choir,-0.005187712312936074
gladiator,-0.005187712312936074
misteryous,-0.005187712312936076
magician,-0.005187712312936078
thinking,-0.005201368338293856
ashes,-0.005201368338293883
hate,-0.005201368338293893
knew,-0.0052053097724813835
rey,-0.005229908529392029
hs,-0.005229908529392119
testosterona,-0.0052299085293921205
brazil,-0.0052299085293921205
payphone,-0.005229908529392125
revolution,-0.005229908529392129
ian,-0.005229908529392139
boulevard,-0.005545533001737057
passion,-0.0056091770932641585
lion,-0.005651380257051373
caralho,-0.005651380257051376
meu,-0.005651380257051376
rebola,-0.005651380257051376
tap,-0.005651380257051393
reborn,-0.005651380257051399
spirit,-0.005651380257051423
atrak,-0.005651380257051449
yugen,-0.005783703714410695
perseus,-0.005783703714410695
lafamilia,-0.005783703714410725
ranx,-0.005783703714410725
percenter,-0.005783703714410728
darte,-0.005783703714410728
costs,-0.005783703714410729
hooked,-0.005783703714410731
hail,-0.005783703714410732
epissure,-0.005783703714410738
italia,-0.005783703714410742
gotto,-0.005783703714410743
itsthewknd,-0.005783703714410745
leviathan,-0.005783703714410745
flash,-0.005783703714410745
cree,-0.005783703714410746
defiance,-0.005783703714410746
ravin,-0.005783703714410748
resilience,-0.005783703714410748
manera,-0.005783703714410749
moi,-0.00578370371441075
lorenzo,-0.00578370371441075
hitn,-0.00578370371441075
nanai,-0.005783703714410752
keanu,-0.005783703714410753
cintura,-0.005783703714410753
melbourne,-0.005783703714410759
music,-0.005864782089034812
fail,-0.005889697665180244
fly,-0.005897449559999876
space,-0.005907262268767448
angel,-0.0060700796695283485
miss,-0.006070079669528378
louder,-0.006072851984710604
ratata,-0.0060728519847106045
monkey,-0.006072851984710608
station,-0.006072851984710621
piensa,-0.006072851984710621
backseat,-0.006072851984710622
disconnected,-0.006072851984710622
lift,-0.006072851984710636
effect,-0.0060728519847106375
nights,-0.006205347444270459
stars,-0.006205347444270482
golden,-0.006233862328623372
disconnect,-0.006233862328623377
super,-0.00624885247143296
jumpy,-0.006379695115885383
chiara,-0.0063796951158854006
fitness,-0.006379695115885401
dues,-0.006379695115885401
pay,-0.006379695115885401
radioedit,-0.006379695115885402
dear,-0.00637969511588541
destroy,-0.00637969511588541
obstacle,-0.00637969511588541
infinite,-0.0063796951158854205
opponent,-0.0063796951158854205
oldskool,-0.006379695115885424
cid,-0.006379695115885424
marciano,-0.006379695115885424
diamante,-0.006379695115885425
himalaya,-0.0063796951158854275
pager,-0.006379695115885428
ai,-0.006427489938124668
addict,-0.0064943237123698426
reckless,-0.006494323712369875
12,-0.006494323712369876
puedo,-0.006494323712369888
pleasure,-0.0064943237123699414
say,-0.006505327969025262
let,-0.006556870258372316
tomorrow,-0.006578026992066552
del,-0.006610551782178697
destiny,-0.006801517795276734
en,-0.006805162843173818
seven,-0.006805162843173841
nation,-0.006805162843173841
dame,-0.006915795440029127
gun,-0.006915795440029137
jenny,-0.0069157954400291405
irae,-0.0069157954400291535
pretend,-0.00691579544002916
nirvana,-0.006915795440029167
gasoline,-0.006915795440029207
quietas,-0.006922191655509734
lose,-0.00693873229906942
fear,-0.006975686517360027
htte,-0.006975686517360049
reien,-0.006975686517360049
hardtekk,-0.006975686517360049
delusional,-0.006975686517360072
mckenzie,-0.006975686517360076
lily,-0.006975686517360076
nessaja,-0.006975686517360083
photograph,-0.006975686517360087
raven,-0.006975686517360096
devil,-0.007071805021622562
superstar,-0.00709960297077982
calor,-0.007099602970779822
hypertechno,-0.007099602970779829
really,-0.007114620895459694
bang,-0.007141242913216613
vs,-0.007238792611610927
tree,-0.007337267167688361
kicks,-0.0073372671676883855
vize,-0.007337267167688429
idk,-0.00733726716768843
wow,-0.00733726716768843
smiling,-0.007337267167688446
plastic,-0.007337267167688446
psycho,-0.00735805516255167
feeling,-0.007509510423237593
death,-0.007514027443272285
jack,-0.007514027443272305
idgaf,-0.0075716779188346964
competition,-0.007571677918834709
paranormal,-0.0075716779188347225
24k,-0.007571677918834745
hypebeast,-0.0075716779188347546
dominio,-0.0075716779188347546
frequency,-0.007571677918834758
mutate,-0.007571677918834763
obey,-0.007571677918834765
internacional,-0.007571677918834765
cyberfavela,-0.007571677918834766
illusion,-0.007571677918834767
garabal,-0.007571677918834767
hermes,-0.007571677918834767
miguel,-0.007571677918834767
dice,-0.0075716779188347684
fucks,-0.007571677918834769
afterlife,-0.0076105209823960135
prove,-0.007610520982396031
rave,-0.007647872040007913
heat,-0.007695773321786078
winter,-0.00769577332178612
coming,-0.007724889938578822
bumaye,-0.007758738895347578
brother,-0.007758738895347652
gym,-0.007758738895347661
kelly,-0.007758738895347663
missing,-0.007758738895347664
wind,-0.007758738895347665
forever,-0.007828556220944085
ill,-0.007954685645839163
bomb,-0.007954685645839203
high,-0.00796974823248956
moon,-0.008088357963827543
dragon,-0.008167669320309379
mango,-0.008167669320309387
maboko,-0.008167669320309417
conflict,-0.008167669320309424
discipline,-0.008167669320309424
fifthguys,-0.008167669320309427
eriice,-0.008167669320309429
darren,-0.008167669320309432
plant,-0.008167669320309432
bruk,-0.00816766932030944
mortality,-0.00816766932030944
ignite,-0.00816766932030944
elephant,-0.00816766932030944
explosiva,-0.00816766932030944
hojas,-0.008167669320309443
hartman,-0.008167669320309443
dans,-0.008167669320309445
miracle,-0.008180210623006938
touch,-0.008254399785785555
robin,-0.008298850309282338
calvin,-0.008298850309282351
harris,-0.008298850309282351
cool,-0.008298850309282358
aura,-0.008298850309282365
count,-0.008298850309282374
killa,-0.008298850309282391
believe,-0.008417979897931582
greatest,-0.00859002884829539
francis,-0.008601682350666145
chase,-0.00860168235066615
raekwon,-0.008601682350666155
ugod,-0.008601682350666155
heartbeat,-0.008601682350666155
gza,-0.008601682350666155
deck,-0.008601682350666155
killah,-0.008601682350666155
method,-0.008601682350666155
masta,-0.008601682350666155
ghostface,-0.008601682350666155
inspectah,-0.008601682350666155
rza,-0.008601682350666155
vaina,-0.008601682350666233
unstoppable,-0.00864301497272552
enuff,-0.00876366072178404
horas,-0.008763660721784059
jump374exe,-0.008763660721784063
divided,-0.008763660721784085
ostacoli,-0.008763660721784092
cuore,-0.008763660721784092
gli,-0.008763660721784092
flick,-0.008763660721784094
locos,-0.0087636607217841
ponernos,-0.0087636607217841
clic,-0.00876366072178411
humain,-0.00876366072178411
leau,-0.00876366072178411
nada,-0.008763660721784111
mas,-0.008763660721784111
liberty,-0.008763660721784115
white,-0.008938300270763748
straight,-0.008987179636168656
julia,-0.008987179636168659
hear,-0.008987179636168687
house,-0.0089935248992806
remaster,-0.009023154078325393
cemetery,-0.009023154078325435
diplo,-0.009023154078325437
endless,-0.00902315407832549
power,-0.0090342189977832
higher,-0.009062095032195402
feel,-0.009071977317484846
riddim,-0.009186199199301727
bump,-0.009201113418477817
las,-0.009204942449212517
ride,-0.009225664410487437
conquest,-0.00935965212325872
deadzone,-0.009359652123258731
dastic,-0.009359652123258736
missin,-0.009359652123258748
cima,-0.009359652123258753
mago,-0.00935965212325877
ghostmode,-0.009359652123258778
evrthng,-0.009359652123258785
cult,-0.00935965212325879
perfect,-0.009359652123258792
deceitful,-0.009359652123258792
explode,-0.009444625805984581
rumble,-0.009444625805984623
beach,-0.009444625805984654
robbery,-0.009444625805984668
tattoo,-0.009444625805984687
carry,-0.009444625805984694
et,-0.009444625805984694
fools,-0.009444625805984696
logical,-0.009444625805984702
faded,-0.00947158462766122
drop,-0.009488170723401936
beautiful,-0.009488170723402009
tisto,-0.009610917815459601
tiki,-0.009626171435774643
tyga,-0.009675508963055024
takeover,-0.009675508963055027
vocal,-0.009792397833471281
green,-0.009833514891644227
hero,-0.009833514891644317
alejandro,-0.009866097533643925
march,-0.009866097533643961
ibiza,-0.009866097533643979
lujavo,-0.00986609753364402
mikemareenpowerplaymix,-0.00995564352473336
leowolf,-0.009955643524733382
maylyn,-0.009955643524733387
hi,-0.009955643524733417
rebel,-0.009955643524733422
detonate,-0.009955643524733427
differ,-0.009955643524733429
ching,-0.009955643524733429
chi,-0.009955643524733429
colosseum,-0.00995564352473343
egodeath,-0.009955643524733434
fuente,-0.00995564352473344
impulso,-0.00995564352473344
krushcore,-0.00995564352473344
grudge,-0.009955643524733443
linings,-0.009955643524733446
disconnection,-0.00995564352473346
moguai,-0.009955643524733463
grind,-0.010019673626498202
living,-0.010044377386950914
dig,-0.010080454725811108
game,-0.010127260050761392
ay,-0.010159285018716276
birthday,-0.010287569261303085
insomnia,-0.010287569261303147
trip,-0.010287569261303172
bassline,-0.010287569261303175
ghosts,-0.010287569261303189
prayer,-0.010287569261303225
candela,-0.010287569261303232
right,-0.010308463534893314
calabria,-0.010522700634747213
paixo,-0.010551634926208073
malvada,-0.010551634926208074
luxid,-0.010551634926208078
case,-0.010551634926208085
return,-0.010551634926208087
puxa,-0.010551634926208092
obstinacy,-0.010551634926208099
disturbance,-0.0105516349262081
oracle,-0.0105516349262081
gypsy,-0.010551634926208121
ligado,-0.01055163492620814
alright,-0.01067662507681728
end,-0.010676625076817306
deeper,-0.010676625076817351
arc,-0.010708002953384635
foreign,-0.010709040988962438
fivio,-0.010709040988962438
sunrise,-0.010709040988962477
come,-0.010854993137647847
forget,-0.011002678719242298
sensation,-0.011052167616827696
love,-0.011119502157783005
challenge,-0.011130512716621667
subzero,-0.011130512716621669
doing,-0.011130512716621674
given,-0.011130512716621683
apologize,-0.011130512716621717
hudson,-0.011147626327682653
queens,-0.011147626327682743
manhoso,-0.011147626327682745
massacre,-0.011147626327682755
fatality,-0.011147626327682762
lvl,-0.011147626327682776
overtime,-0.011147626327682798
moshpit,-0.011147626327682809
focus,-0.011396332280270805
movin,-0.011396332280270849
mind,-0.011520002093829057
dream,-0.01152041485409674
whoa,-0.011551984444280915
mc,-0.011551984444280928
gang,-0.011551984444280934
tight,-0.011551984444280952
skin,-0.011551984444280966
worried,-0.011551984444280983
business,-0.011551984444280987
renegade,-0.01157088060332669
shot,-0.011604722055251237
easy,-0.011705052421240906
electrona,-0.011743617729157399
misfits,-0.011743617729157416
proibido,-0.01174361772915742
flame,-0.011743617729157425
mon,-0.01174361772915743
hercules,-0.011743617729157437
ducati,-0.011743617729157439
hnt,-0.011743617729157458
mona,-0.011743617729157484
imagination,-0.011743617729157484
ready,-0.011826587441778101
ring,-0.011868965778829767
vegas,-0.011871364233700056
south,-0.011973456171940152
escura,-0.01197345617194022
energia,-0.011973456171940225
oculta,-0.011973456171940225
gain,-0.011973456171940226
austin,-0.011973456171940232
thing,-0.011973456171940256
safe,-0.011973456171940266
apple,-0.012025182559012058
little,-0.012269720251389785
chuckie,-0.012339609130632005
marley,-0.012339609130632005
redbone,-0.012339609130632086
denise,-0.012339609130632086
lap,-0.012339609130632093
powers,-0.0123396091306321
resurrection,-0.0123396091306321
madness,-0.012339609130632105
rei,-0.012339609130632109
loucura,-0.012339609130632109
ferocity,-0.012339609130632112
clock,-0.012339609130632126
getaway,-0.012339609130632138
ellis,-0.012339609130632138
esme,-0.012339609130632149
millean,-0.012339609130632156
envuelvo,-0.012339609130632156
michael,-0.012339609130632161
bongo,-0.01239492789959944
fantasy,-0.01239492789959945
tempestade,-0.012394927899599478
10,-0.012428826270600324
jam,-0.012428826270600333
barely,-0.01242882627060036
bolero,-0.012428826270600392
somebody,-0.012458359200363485
drama,-0.012671290769046169
running,-0.012671290769046183
animals,-0.012763221305339191
elysium,-0.01277299093404347
glad,-0.012772990934043521
number,-0.012772990934043537
vibes,-0.012772990934043545
afrojack,-0.012816399627258718
fora,-0.012816399627258723
oliver,-0.012816399627258746
heldens,-0.012816399627258746
flames,-0.012816399627258758
horizon,-0.01281639962725876
olivary,-0.01281639962725876
fall,-0.012835637098310928
kinda,-0.01293560053210668
demo,-0.01293560053210673
dean,-0.01293560053210673
emily,-0.012935600532106736
punto,-0.012935600532106736
yales,-0.012935600532106737
dcknapped,-0.012935600532106743
favorite,-0.012935600532106743
nexus,-0.012935600532106743
orale,-0.012935600532106744
moss,-0.01293560053210675
darker,-0.012935600532106758
linkin,-0.012935600532106758
mirs,-0.012935600532106769
hyperfunk,-0.01293560053210677
immortals,-0.01293560053210678
lunatik,-0.012935600532106784
fittest,-0.012935600532106784
flama,-0.012935600532106805
pessadou,-0.01293560053210682
nonono,-0.012935600532106822
hydra,-0.012935600532106824
mama,-0.012935600532106828
etiquette,-0.01293560053210683
used,-0.013237871354917923
abc,-0.013237871354917946
agent,-0.013237871354917984
jota,-0.01323787135491799
creepin,-0.01323787135491799
garrix,-0.013237871354917998
loved,-0.013237871354918046
gabry,-0.013237871354918057
official,-0.013359391656345424
lana,-0.01346132026092979
mtg,-0.013461320260929928
haiti,-0.013531591933581376
doherty,-0.013531591933581376
mir,-0.01353159193358142
nico,-0.01353159193358142
celestial,-0.01353159193358142
falla,-0.01353159193358142
exodus,-0.013531591933581444
lockdown,-0.01353159193358145
elementos,-0.01353159193358145
ixarioexe,-0.01353159193358145
currency,-0.01353159193358146
og,-0.013531591933581466
fortnight,-0.01353159193358147
youth,-0.013531591933581485
master,-0.013531591933581506
stupid,-0.01365934308257714
tuca,-0.013659343082577217
rush,-0.013659343082577222
arena,-0.013659343082577241
win,-0.013687346106942638
dynamite,-0.013805484924372976
loca,-0.013930780374034661
japan,-0.013955562007351659
hardstyle,-0.013985023513062456
silence,-0.014004501661289885
umbrella,-0.01408081481023645
krush,-0.01408081481023648
motivation,-0.014080814810236498
som,-0.014080814810236516
fame,-0.014080814810236542
forte,-0.014127583335056081
mouth,-0.014127583335056084
hypnotized,-0.014127583335056086
nocturnus,-0.014127583335056095
joga,-0.0141275833350561
hoje,-0.0141275833350561
piru,-0.0141275833350561
fode,-0.0141275833350561
fim,-0.014127583335056114
cause,-0.014127583335056126
dot,-0.014127583335056128
collectivez,-0.014127583335056152
menor,-0.01412758333505616
plataforma,-0.01412758333505616
2024,-0.014127583335056168
maidza,-0.01412758333505617
ibra,-0.01412758333505617
sex,-0.01426162729308188
park,-0.014493814251259358
revenge,-0.014502286537895741
macarena,-0.014502286537895764
loving,-0.014551732358357945
stop,-0.014663958661497792
look,-0.014704638787471866
duble,-0.014723574736530756
upa,-0.014723574736530758
euphoria,-0.014723574736530761
hide,-0.014723574736530761
hipntica,-0.014723574736530761
foda,-0.014723574736530768
ka1man,-0.01472357473653078
ecl1pse,-0.014723574736530784
cslide,-0.014723574736530784
melhores,-0.014723574736530787
radiante,-0.014723574736530787
meka,-0.014723574736530787
movement,-0.01472357473653081
voyage,-0.014723574736530822
reznikov,-0.014723574736530841
fallen,-0.01472357473653085
true,-0.014837978914702522
catch,-0.01490451744240253
sunshine,-0.014923758265554901
flat,-0.014923758265554901
old,-0.01492375826555498
onna,-0.014923758265555007
grievance,-0.014923758265555054
treason,-0.014923758265555056
gold,-0.015064395205683454
demon,-0.015147902709364117
cruel,-0.01518214357814569
loco,-0.01531143498233697
girlfriend,-0.015319566138005416
howard,-0.015319566138005416
colorblind,-0.015319566138005423
18,-0.015319566138005431
miles,-0.015319566138005431
eh,-0.015319566138005433
desert,-0.015319566138005437
fine,-0.01531956613800544
pr,-0.01531956613800544
empress,-0.01531956613800544
gothic,-0.015319566138005447
elixir,-0.015319566138005452
fantastico,-0.015319566138005456
liberdade,-0.015319566138005457
hier,-0.015319566138005487
lny,-0.01531956613800552
dj,-0.015343800449501628
cuba,-0.015345229993214134
told,-0.015345229993214148
morning,-0.015345229993214225
saxobeat,-0.01534522999321424
shoes,-0.015345229993214268
ultrafunk,-0.015345229993214271
dies,-0.01552630824158885
energie,-0.015766701720873535
chemical,-0.015870472905031987
chosen,-0.01587047290503199
mundo,-0.015870472905032015
feelings,-0.015870996910431038
stereo,-0.015870996910431114
cliche,-0.015915557539480082
door,-0.015915557539480096
infinidade,-0.015915557539480103
nias,-0.015915557539480103
daylight,-0.01591555753948011
perfume,-0.01591555753948011
enchantment,-0.01591555753948011
irradinte,-0.015915557539480124
galactico,-0.015915557539480124
egypt,-0.015915557539480124
dwtb,-0.015915557539480134
charmer,-0.015915557539480152
favorita,-0.01591555753948016
duck,-0.015915557539480166
ducki,-0.015915557539480166
disyerto,-0.015915557539480193
water,-0.01598763171254249
impossible,-0.016188173448532746
losses,-0.01618817344853279
body,-0.016216710946213454
nostalgia,-0.01651154894095477
discretion,-0.01651154894095477
eletrnica,-0.016511548940954773
perfeto,-0.016511548940954787
hater,-0.016511548940954808
determination,-0.01651154894095481
overkill,-0.01651154894095481
payback,-0.01651154894095482
gregor,-0.016511548940954832
retold,-0.016511548940954846
emery,-0.016511548940954853
gostosa,-0.016511548940954857
shadow,-0.01655880223191829
ponte,-0.016558802231918298
plane,-0.016609645176191977
jet,-0.016609645176191977
try,-0.01663832858687975
ma,-0.01663832858687975
army,-0.01679197723676047
freaks,-0.01690296689536141
ryan,-0.01690296689536146
menergy,-0.01703111690385121
tistos,-0.01703111690385125
taste,-0.01703111690385125
balenca,-0.01703111690385128
ichi,-0.01703111690385128
enchantress,-0.0171075403424294
ra,-0.017107540342429423
erasure,-0.017107540342429423
mile,-0.017107540342429436
gato,-0.01710754034242946
howling,-0.017107540342429502
falling,-0.017114626262885006
diablo,-0.017204207802674818
samba,-0.017234498937886016
welcome,-0.017247131558804658
slayer,-0.01724713155880486
road,-0.017338860113322186
disco,-0.017340025172953494
solveig,-0.017452588631510398
sail,-0.01745258863151045
jones,-0.017452588631510474
jax,-0.017452588631510474
outro,-0.01745258863151059
soul,-0.017565424083022016
energy,-0.01758229438041413
busy,-0.017591296222247765
chang,-0.017703531743904096
dug,-0.017703531743904096
codigos,-0.017703531743904103
ochoa,-0.01770353174390415
rari,-0.017703531743904155
laidback,-0.01770353174390416
luke,-0.01770353174390416
prophet,-0.017703531743904162
mirrors,-0.017703531743904183
met,-0.017703531743904197
folly,-0.017703531743904214
gates,-0.017703531743904218
jungle,-0.017790822993090576
hola,-0.01787406035916975
troublemaker,-0.017874060359169764
believer,-0.01787406035916978
sergio,-0.017874060359169792
rattle,-0.0178740603591698
manos,-0.018128754464395457
need,-0.018137681553063646
looking,-0.018270776516469692
farm,-0.018295532086829092
parallel,-0.018299523145378808
harmony,-0.01829952314537881
explore,-0.01829952314537881
mercier,-0.01829952314537888
koo,-0.01829952314537888
procedure,-0.01829952314537888
maphorisa,-0.01829952314537888
wild,-0.018494805567521925
ghost,-0.018556031448782005
dana,-0.018623790212577318
results,-0.018623790212577446
lovin,-0.018689739694519463
rising,-0.01871700381448829
gods,-0.01871700381448831
arkham,-0.018717003814488323
close,-0.018804060873367317
flux,-0.018895514546853426
pavilion,-0.018895514546853426
hall,-0.01889551454685344
lay,-0.018895514546853488
christopher,-0.018895514546853523
doo,-0.018895514546853537
2018,-0.018895514546853537
kass,-0.018895514546853537
hokage,-0.018895514546853547
warrior,-0.018955598169429218
bonus,-0.018967954876020467
haunted,-0.018967954876020487
shining,-0.01896795487602049
remix,-0.01897014978016538
trap,-0.019023009990904737
creep,-0.01902300999090476
hugel,-0.01913847554214748
tech,-0.019138475542147614
minute,-0.01913847554214762
karma,-0.019138475542147718
na,-0.019486816298607386
cup,-0.019491505948328183
freshlyground,-0.019491505948328183
fifa,-0.019491505948328183
2010,-0.019491505948328183
darla,-0.019491505948328217
jade,-0.019491505948328217
echos,-0.01949150594832822
habits,-0.019529768517149836
xavi,-0.019559947269806765
banga,-0.019559947269806775
united,-0.01955994726980681
internet,-0.019559947269806827
max,-0.019559947269806834
broken,-0.019594014273638532
montagem,-0.019668332422679177
hold,-0.01988553720215524
schulz,-0.019981418997466097
digital,-0.020000448866349937
hanging,-0.020000448866349996
spartan,-0.020000448866350017
dee,-0.02008749734980279
loosing,-0.020087497349802867
lock,-0.0200874973498029
crazy,-0.02013727176561099
lover,-0.0201485360869573
set,-0.02028086326975332
insane,-0.020344613529793075
titan,-0.020344613529793103
sweat,-0.020670556122508472
chop,-0.02068348875127753
istanbul,-0.020683488751277533
quit,-0.020683488751277554
combo,-0.020683488751277554
eye,-0.020683488751277564
moti,-0.020824362452784607
bam,-0.020824362452784666
reality,-0.02103294285667945
rage,-0.021032942856679452
make,-0.021202830158746137
flashback,-0.02124583418044379
creepy,-0.02127948015275212
gasolina,-0.021279480152752137
clear,-0.02127948015275215
humps,-0.02127948015275216
big,-0.02135292496757112
gravity,-0.021407691394929748
kiss,-0.021430952133504634
headhunterz,-0.02166730590810299
exes,-0.021875471554226793
powersuit,-0.021875471554226856
hammer,-0.021875471554226898
eat,-0.022003861745936052
festival,-0.02208877763576224
everybody,-0.022207545455161445
dimitri,-0.022301946921439195
georgi,-0.02247146295570148
kay,-0.02247146295570148
lemonade,-0.022471462955701495
milkshake,-0.022471462955701543
leavemealone,-0.022471462955701554
dress,-0.022471462955701557
1999,-0.022471462955701557
nice,-0.022471462955701564
helium,-0.022471462955701575
groove,-0.022471462955701578
cedric,-0.022471462955701647
gervais,-0.022471462955701647
church,-0.02251024936342158
earth,-0.022510249363421636
ultra,-0.022510249363421636
lady,-0.02253705137164968
feels,-0.022833501393917155
hustle,-0.02289811727244531
mam,-0.023067454357176102
mime,-0.02306745435717613
jamboo,-0.023067454357176154
coco,-0.023067454357176154
rapstar,-0.023067454357176158
ferrari,-0.023067454357176165
du,-0.02306745435717622
hast,-0.02306745435717622
goodbyes,-0.02306745435717623
n95,-0.023067454357176234
mony,-0.023067454357176238
grinch,-0.023067454357176245
mic,-0.023067454357176314
lessons,-0.023067454357176317
automotivo,-0.023097930837338666
free,-0.023263766444833016
king,-0.023329934780304058
siren,-0.023353192818740095
lean,-0.02344209550078158
dollar,-0.02366344575865076
college,-0.023663445758650783
edamame,-0.02366344575865081
flags,-0.02366344575865082
recall,-0.023663445758650824
levitate,-0.02366344575865083
mahyaar,-0.023663445758650835
fed,-0.023663445758650845
212,-0.023663445758650852
rags2riches,-0.02366344575865086
papercut,-0.023663445758650876
phenomenal,-0.023663445758650887
llif3,-0.023663445758650894
reign,-0.0236634457586509
nostylist,-0.023663445758650908
paddling,-0.02366344575865094
luca,-0.023663445758650942
chain,-0.023663445758650946
lead,-0.023774664546399305
freedom,-0.023786260164224794
diggity,-0.02379237279895475
heartless,-0.024090457974457885
calling,-0.024155019591897222
blind,-0.0241961362740587
esmeralda,-0.02425943716012542
csmico,-0.02425943716012542
dioses,-0.024259437160125425
quiero,-0.024259437160125435
dao,-0.02425943716012544
colateral,-0.02425943716012544
gogo,-0.024259437160125442
novo,-0.02425943716012545
resurrect,-0.02425943716012545
chamado,-0.024259437160125463
deus,-0.024259437160125463
falls,-0.024259437160125467
niagara,-0.024259437160125467
raindrops,-0.024259437160125467
crawler,-0.024259437160125467
killers,-0.024259437160125477
nitoonna,-0.024259437160125488
craig,-0.02425943716012549
din,-0.024259437160125494
dragostea,-0.024259437160125494
epidemic,-0.024259437160125505
fridn,-0.02425943716012551
laughin,-0.02425943716012551
hiding,-0.02425943716012551
dry,-0.024259437160125515
quitting,-0.024259437160125522
perdn,-0.02425943716012553
joke,-0.024259437160125536
headed,-0.024259437160125536
goat,-0.024259437160125536
maybe,-0.024259437160125547
mochakk,-0.02425943716012555
maldad,-0.02425943716012555
lane,-0.024259437160125557
creeping,-0.024259437160125557
djeale,-0.024259437160125557
getting,-0.024259437160125557
pigs,-0.024259437160125557
hygge,-0.024259437160125557
noa,-0.024259437160125564
flyin,-0.024259437160125564
pov,-0.024259437160125564
lamola,-0.024259437160125564
milee,-0.024259437160125564
pen,-0.02425943716012557
richer,-0.02425943716012557
pine,-0.02425943716012557
country,-0.02425943716012557
headshot,-0.02425943716012557
controlla,-0.02425943716012557
paint,-0.024259437160125574
pew,-0.024259437160125574
jesus,-0.024259437160125574
easier,-0.024259437160125574
moombah,-0.02425943716012558
antoine,-0.02425943716012558
drowning,-0.02425943716012558
everest,-0.02425943716012558
mount,-0.02425943716012558
claptone,-0.024259437160125585
pulverturm,-0.024259437160125585
latina,-0.024259437160125585
rauw,-0.024259437160125588
goody,-0.024259437160125595
pinky,-0.024259437160125595
despedida,-0.024259437160125595
desire96,-0.024259437160125595
escpate,-0.024259437160125595
faith,-0.0242594371601256
fundip,-0.0242594371601256
dhunga,-0.0242594371601256
ciao,-0.024259437160125602
riback,-0.024259437160125602
dum,-0.02425943716012561
rally,-0.02425943716012561
favourite,-0.02425943716012561
lecrae,-0.02425943716012561
dtf,-0.02425943716012561
ghettoblaster,-0.024259437160125612
ecos,-0.024259437160125612
orbit,-0.024259437160125623
modulate,-0.024259437160125623
deceiver,-0.024259437160125626
pedal,-0.024259437160125626
palm,-0.02425943716012563
positions,-0.02425943716012563
hook,-0.024259437160125637
chemicals,-0.024259437160125637
fs,-0.02425943716012564
reawakening,-0.02425943716012564
cloud,-0.02425943716012564
m1,-0.02425943716012564
flexican,-0.02425943716012564
devotion,-0.024259437160125644
itching,-0.024259437160125644
flight,-0.024259437160125644
neck,-0.024259437160125644
christian,-0.024259437160125644
cutting,-0.024259437160125644
hamilton,-0.024259437160125644
compton,-0.024259437160125644
mastah,-0.024259437160125644
lunatic,-0.024259437160125644
model,-0.024259437160125644
michel,-0.024259437160125644
constellations,-0.024259437160125644
harlem,-0.024259437160125644
needin,-0.02425943716012565
kensei,-0.02425943716012565
jersey,-0.02425943716012565
palla,-0.02425943716012565
parriba,-0.02425943716012565
xxx,-0.02425943716012565
nile,-0.02425943716012565
15,-0.02425943716012565
echa,-0.02425943716012565
mary,-0.02425943716012565
lukes,-0.02425943716012565
edited,-0.024259437160125654
drifter,-0.024259437160125654
fugue,-0.024259437160125654
intents,-0.024259437160125654
partysquad,-0.024259437160125654
2012,-0.024259437160125654
imaginary,-0.024259437160125654
ozcan,-0.024259437160125654
genesis,-0.024259437160125654
creative,-0.024259437160125654
origami,-0.024259437160125658
dombresky,-0.024259437160125658
chimes,-0.024259437160125658
n70,-0.024259437160125658
za,-0.02425943716012576
motivational,-0.02441806207918784
speech,-0.02441806207918784
saturday,-0.024474589491111125
walking,-0.024474589491111153
abismo,-0.024617608001717858
tetris,-0.02461760800171787
stutter,-0.024617608001717917
sirius,-0.02461760800171794
amour,-0.02461760800171798
bass,-0.024804752058409388
mirror,-0.02481875415455435
personal,-0.025039079729377123
melodia,-0.025162918817997742
slide,-0.025437339544329123
carnage,-0.02546055145703637
enter,-0.025460551457036393
universe,-0.02546055145703646
la,-0.025656851737201607
eyes,-0.025677934617964932
adagio,-0.02588202318469553
strings,-0.02588202318469553
skies,-0.025882023184695582
hallasen,-0.025882023184695693
lyin,-0.025882023184695693
bassjackers,-0.026303494912354775
ba,-0.02630349491235507
timeless,-0.02672496664001405
glow,-0.02672496664001407
cone,-0.026724966640014183
hit,-0.026803326226829526
drum,-0.026883742135213284
intoxicated,-0.027369394904992243
mike,-0.027369394904992364
doppler,-0.027567910095332566
milky,-0.02756791009533265
waves,-0.027567910095332722
brasil,-0.027989381822991932
waka,-0.028285146838732653
flowers,-0.028561735607004677
place,-0.029253797005969643
summer,-0.029436930831484697
conmigo,-0.029455991133514076
locked,-0.029455991133514076
vip,-0.02951156631665269
lullaby,-0.03009674046128821
warriors,-0.03032538876964487
greedy,-0.030669553433088144
libre,-0.030939683916606613
shake,-0.0315401565072692
snake,-0.031542587362035995
mark,-0.032046212086860724
ww,-0.03220409909958444
fuk,-0.0322040990995845
sumn,-0.0322040990995845
dance,-0.032343651655518266
reverb,-0.03239037675030397
hardcore,-0.03262557082724374
murder,-0.03304704255490306
field,-0.03346851428256221
glory,-0.03376703540407649
gas,-0.03392726876606096
polo,-0.034311457737880684
tomorrowland,-0.03431145773788086
slowed,-0.03639267590818347
foot,-0.03642660114440695
storm,-0.0369081205210922
sound,-0.036949730348913225
ritmo,-0.0371751292589816
ground,-0.03720237118633061
instrumental,-0.03789502725590309
snap,-0.03927367001916727
mix,-0.03939610860974832
original,-0.04022835661769744
optixx,-0.042026987326712596
away,-0.044158882585616864
funk,-0.05296895359693261
edit,-0.12235223172787925
radio,-0.12638258695878363
