word,kendall_corr
2009,0.060839372234400405
feat,0.06054817618761532
remastered,0.05915764962834777
remaster,0.0518492968043117
ti,0.04550367245321474
mamma,0.04395017282480758
mia,0.04395017282480758
man,0.040905475469261675
en,0.037894855421834434
feeling,0.037158030619595946
vida,0.036335392602284675
2011,0.03584868963044946
por,0.03525823754656745
picture,0.033411030572120776
good,0.03338379011105178
te,0.03273189027504353
california,0.03188597194945405
justin,0.031856097184077434
motion,0.03162136068432514
tu,0.03144609483941748
care,0.03099199674470036
sin,0.030856401179339542
bieber,0.030644620931238764
wait,0.030532256461896206
daddy,0.029871772256625944
yo,0.029815521968083684
highway,0.02979726632499825
primera,0.029644601585603385
fila,0.029644601585603385
hecho,0.029644601585603385
realidad,0.029644601585603385
haash,0.029644601585603385
vivo,0.029022415696261062
music,0.028694656708002007
party,0.028521568963457852
king,0.028143607240802344
soundtrack,0.027358890853888488
team,0.026907795902232214
cuando,0.026879115667844844
todo,0.026575105183338704
shes,0.02654734531757234
dream,0.02653110931858546
young,0.02652656566296903
mientes,0.026480460409860372
ive,0.026470894790390716
nadie,0.025866703393970618
joy,0.025732343131308906
winner,0.025697490011085122
ronan,0.02565140057775271
takes,0.02561407864921348
saturday,0.025545729890880053
edition,0.025224266143693486
money,0.02520058142286844
wet,0.025109545206144
voy,0.0250670263610843
shark,0.025014535434968378
chihiro,0.024943199846697246
hurts,0.024748174252863117
records,0.02464779343250732
rock,0.02442294859504971
send,0.02427495038547148
malone,0.02400248815879145
post,0.02400248815879145
life,0.023925142296016857
sexy,0.023810765075116893
baby,0.023660896638235476
perdn,0.02355103024991481
dirty,0.023523528244522342
devil,0.023466167775747598
suerte,0.023351446838198113
rich,0.023271142181913472
amarte,0.023271142181913472
hands,0.02310114947388148
llegaste,0.023066019988671804
sounds,0.02301449674369762
tiger,0.023013020072427125
2005,0.022960631533042786
taylors,0.022921243322387534
going,0.022894718041115744
seen,0.022831724285512615
flute,0.022782134141349365
caroline,0.022709009587920985
pueda,0.02263157295507508
gustas,0.02262296888475887
proud,0.022562740392545386
2014,0.022426043328058587
jump,0.022310354329936517
riptide,0.022198501415825765
praise,0.022000607798552903
amo,0.02186224962882032
chain,0.021808450228157507
girls,0.02176295157270636
ill,0.021702460462788592
walls,0.02167756196155591
weekend,0.021625711095075183
box,0.021527383931161267
knew,0.021300810079501027
single,0.0212977651306039
stick,0.021272129845113653
2013,0.02127199843708039
aint,0.021246352649471046
quisiera,0.021174617048196592
forget,0.021164375550376563
son,0.021025479829382257
original,0.02097709471780334
friday,0.02088564993999139
slo,0.02075014957926349
mano,0.020735809462069807
number,0.020735809462069807
talking,0.020721469344876117
bruno,0.020662865849130817
trolls,0.020536697053575293
world,0.02053100902517642
born,0.02051045271852606
bring,0.02048342339946093
dreamin,0.02041023090682047
fin,0.020348626297840285
noticed,0.020261736942045073
billie,0.020222873652368873
holdin,0.0201806251048071
dracula,0.0201806251048071
duele,0.020127788493057523
middle,0.02010109143697534
rising,0.02009910825867015
ho,0.020079032094598992
bye,0.02006449814467072
mystical,0.020042734981502552
nomcebo,0.019992991391436878
jerusalema,0.019992991391436878
zikode,0.019992991391436878
nothings,0.019949456368678887
church,0.019949456368678887
exes,0.019949456368678887
pony,0.019949456368678887
american,0.019929894875784657
stumblin,0.019898346617958546
shoes,0.019884006500764863
roll,0.01984273805111474
morgan,0.019835899796545726
ms,0.019777900173046342
hotline,0.01971017644882687
plastic,0.01971017644882687
judas,0.01971017644882687
fortnight,0.01971017644882687
tibetan,0.019688905477181832
rose,0.019680723815379067
yankee,0.019564175141798524
guess,0.019564175141798524
dreamz,0.019564175141798524
reaper,0.019564175141798524
jones,0.019564175141798524
oye,0.019564175141798524
eilish,0.019564175141798524
2006,0.019539843688116402
vivir,0.019539843688116402
delilah,0.019345173181256003
galway,0.019345173181256003
dynamite,0.019345173181256003
emotions,0.019345173181256003
dueles,0.019345173181256003
riddance,0.019345173181256003
dry,0.019345173181256003
cecilia,0.019293193672385002
persona,0.019290325648946265
lines,0.019181340758274254
hard,0.019160507847455342
help,0.019138638606247902
grenade,0.01910589326140399
idgaf,0.01910589326140399
rasputin,0.01910589326140399
enamoro,0.01910589326140399
green,0.019039855069311305
beast,0.019020731445704972
thats,0.019014266475870227
boat,0.019008094716850582
fine,0.018934690742542858
handle,0.018934690742542858
mrs,0.018917482601910434
rayando,0.018903113668309064
coastline,0.018903113668309064
doin,0.018903113668309064
eileen,0.018903113668309064
cambi,0.018903113668309064
habits,0.018903113668309064
muelle,0.018903113668309064
latto,0.018903113668309064
frozensoundtrack,0.018835722723904727
conversation,0.01878842154716726
wishing,0.018705248867443885
healing,0.018696010687517032
ortiz,0.01867600052404275
corre,0.01867600052404275
lloro,0.01867600052404275
enter,0.01867600052404275
dejara,0.01867600052404275
lived,0.01867600052404275
pyro,0.01867600052404275
honeypie,0.01867600052404275
guerra,0.01867600052404275
fuentes,0.01867600052404275
fourfiveseconds,0.01867600052404275
honey,0.01863933815322867
georgia,0.01848154303922238
greedy,0.01848154303922238
olvido,0.018386898265744054
candy,0.018372558148550367
door,0.018342275210811006
logical,0.018339386399505168
count,0.018339386399505168
noviembre,0.018339386399505168
est,0.018339386399505168
pina,0.018339386399505168
janes,0.018339386399505168
inolvidable,0.018339386399505168
mistakes,0.018339386399505168
idea,0.018339386399505168
bzrp,0.018339386399505168
mala,0.018339386399505168
jesse,0.018339386399505168
limn,0.018339386399505168
1994,0.018339386399505168
diner,0.018339386399505168
dnde,0.018339386399505168
doja,0.018339386399505168
megan,0.018339386399505168
happier,0.018339386399505168
esper,0.018339386399505168
niego,0.018339386399505168
ozuna,0.018339386399505168
pavements,0.018339386399505168
oriley,0.018339386399505168
robarte,0.018339386399505168
disfruto,0.018339386399505168
mary,0.01823332796960973
feelings,0.018208989775323984
miles,0.0181976087187874
lifetime,0.018164285819081992
chameleon,0.01815625125085496
yellow,0.01810573667706587
intentions,0.018075291123217485
whats,0.018042660582767833
love,0.01804141805654282
skidamarink,0.018036999406218116
goode,0.017994661091243792
johnny,0.017994661091243792
jamboo,0.017994661091243792
drugs,0.017994661091243792
emotion,0.017994661091243792
chiquitita,0.017994661091243792
deluxe,0.017994661091243792
joker,0.017994661091243792
1983,0.017994661091243792
jets,0.017994661091243792
coco,0.017994661091243792
eden,0.017994661091243792
lion,0.017942354632739792
apt,0.01793088253898484
pie,0.017927747285336856
clocks,0.017856313929577677
hell,0.017674814991827204
mario,0.017674269334153808
damn,0.017674269334153808
mariposa,0.017674269334153808
destino,0.017674269334153808
jessies,0.017674269334153808
jah,0.017674269334153808
hay,0.017674269334153808
dayo,0.017674269334153808
graduate,0.017674269334153808
exs,0.017674269334153808
oddity,0.017674269334153808
existed,0.017674269334153808
casualidad,0.017674269334153808
forgot,0.017674269334153808
llorar,0.017674269334153808
parado,0.017674269334153808
remasterizado,0.017674269334153808
domm,0.017674269334153808
2004,0.01765699692539877
vie,0.01757811565602017
dance,0.017551775045505043
2015,0.017452394789672223
cool,0.01744809610819852
piano,0.017415014613624658
teri,0.017385958085624778
chasing,0.017325513832303078
quererte,0.017321432842168635
canciones,0.017321432842168635
habit,0.017321432842168635
coleccionista,0.017321432842168635
collins,0.017321432842168635
kunta,0.017321432842168635
cardi,0.017321432842168635
duke,0.017321432842168635
ecos,0.017321432842168635
loser,0.017321432842168635
paws,0.017321432842168635
disease,0.017321432842168635
1035,0.017321432842168635
sean,0.017265501101197817
believer,0.01725402900744287
amar,0.017194712027294997
look,0.017166211595010153
theres,0.01711923190582222
linger,0.0170790795776799
la,0.01701647128742234
que,0.017011746036734197
kingston,0.01700509667694055
princes,0.01700509667694055
grande,0.01700509667694055
qu,0.01700509667694055
rainbowwhat,0.01700509667694055
ed,0.01700509667694055
encontr,0.01700509667694055
diane,0.01700509667694055
dreamworks,0.01700509667694055
juke,0.01700509667694055
knife,0.01700509667694055
kokomo,0.01700509667694055
dead,0.016969883321953084
dan,0.016944282476059253
tainted,0.016854015377427534
clap,0.016826693515071028
eye,0.01675442247933375
para,0.016752124905663864
fever,0.016729167625244172
demi,0.016656315776817275
despacito,0.016656315776817275
closing,0.016656315776817275
lightenup,0.016656315776817275
leven,0.016656315776817275
lovato,0.016656315776817275
laxed,0.016656315776817275
perch,0.016656315776817275
ft,0.016656315776817275
crashes,0.016656315776817275
cave,0.016656315776817275
jerk,0.016656315776817275
nokia,0.016656315776817275
medusa,0.016656315776817275
hakuna,0.016656315776817275
1978,0.016656315776817275
chunky,0.016656315776817275
matata,0.016656315776817275
mercy,0.016656315776817275
ca,0.016656315776817275
ex,0.016656315776817275
kali,0.016656315776817275
doy,0.016656315776817275
motto,0.016656315776817275
woman,0.016625014928941893
spotify,0.016597251639972055
lay,0.016520225911269257
samba,0.016424329264693727
lover,0.016308374489651868
hey,0.01629804850152291
conor,0.016295368101108307
kilmetros,0.016295368101108307
goodie,0.016295368101108307
fingers,0.016295368101108307
feldt,0.016295368101108307
maynard,0.016295368101108307
centerfold,0.016295368101108307
grass,0.016295368101108307
mirror,0.016295368101108307
jude,0.016295368101108307
manos,0.016295368101108307
khalid,0.016295368101108307
creo,0.016295368101108307
non,0.01619572835854885
insanity,0.016144103936651583
virtual,0.016144103936651583
birthday,0.016113647630073936
magician,0.01607240335068315
ladies,0.016006438811592194
heart,0.01599427542530567
cover,0.015942531609123133
jxl,0.015942531609123133
caplen,0.015942531609123133
guas,0.015942531609123133
maro,0.015942531609123133
pnau,0.015942531609123133
macklemore,0.015942531609123133
chawki,0.015942531609123133
elastic,0.015942531609123133
labios,0.015942531609123133
robbers,0.015942531609123133
compartidos,0.015942531609123133
iko,0.015942531609123133
unforgettable,0.015913656799982225
york,0.015828621358390492
die,0.015811457073270186
follow,0.01575987883987855
big,0.015742893368584625
change,0.015733976584912164
dancer,0.01570212693530939
speed,0.015699560303647317
tiny,0.015642199834872573
smile,0.015629665761784504
burn,0.015620531444956728
bien,0.015608574838043673
fake,0.015602047506730254
nikko,0.015599728448026763
peaches,0.01550858327989999
julio,0.01550858327989999
dices,0.01550858327989999
grief,0.01550858327989999
rien,0.01550858327989999
ne,0.01550858327989999
heavens,0.01550858327989999
jeremih,0.01550858327989999
jamy,0.01550858327989999
carpet,0.01550858327989999
regrette,0.01550858327989999
levi,0.01550858327989999
padam,0.01550858327989999
ontario,0.01550858327989999
kasam,0.01550858327989999
kings,0.01550858327989999
latch,0.01550858327989999
kaiju,0.01550858327989999
crystalised,0.01550858327989999
ralphsoundtrack,0.01550858327989999
enamor,0.01550858327989999
hooked,0.01550858327989999
ending,0.01550858327989999
harper,0.01550858327989999
hills,0.01550858327989999
jailhouse,0.01550858327989999
nox,0.01550858327989999
candle,0.01550858327989999
opendoors,0.01550858327989999
messy,0.015490927360382005
sexual,0.015346793420682646
stone,0.015343925397243907
want,0.015333741393294055
stressed,0.015332453303488959
borderline,0.015275092834714217
version,0.01522453626455459
hymn,0.01520912829562326
bridge,0.015196808666227836
supernatural,0.015128823639338618
power,0.015090857318124443
longview,0.015090857318124443
longest,0.015090857318124443
lisa,0.015090857318124443
jacket,0.015090857318124443
fat,0.015090857318124443
gorilla,0.015090857318124443
heres,0.015090857318124443
cradle,0.015090857318124443
tear,0.014999762584595445
slippery,0.014994026537717971
lovin,0.014914713494894215
shining,0.014896604757711854
bag,0.014870701529852273
seeb,0.014796132920445106
clearly,0.01477780344486944
way,0.014694168249611362
llor,0.01468124254007269
yebbas,0.01468124254007269
baa,0.01468124254007269
estrategia,0.01468124254007269
estoy,0.01468124254007269
firebird,0.01468124254007269
makeba,0.01468124254007269
depressed,0.01468124254007269
pass,0.01468124254007269
foot,0.01468124254007269
pela,0.01468124254007269
fondo,0.01468124254007269
ipanema,0.01468124254007269
janeiro,0.01468124254007269
olhos,0.01468124254007269
heartbreak,0.01468124254007269
capsize,0.01468124254007269
daydreaming,0.01468124254007269
gua,0.01468124254007269
ro,0.01468124254007269
dutchie,0.01468124254007269
kahani,0.01468124254007269
kinda,0.01468124254007269
youve,0.01466333820717579
paradise,0.014620421176394203
shine,0.014592788156098489
crocodile,0.014523670693765076
mystery,0.014469178248429068
built,0.014469178248429068
row,0.014465356912307378
chris,0.01438600556870569
va,0.014351565690992064
west,0.014346881759630774
energy,0.014231071843401954
clever,0.014231071843401954
helplessly,0.014231071843401954
hoping,0.014231071843401954
digas,0.014231071843401954
olvid,0.014231071843401954
caminar,0.014231071843401954
older,0.014231071843401954
mess,0.014231071843401954
fonseca,0.014231071843401954
favorita,0.014231071843401954
pinball,0.014231071843401954
1995,0.014231071843401954
feelslikeimfallinginlove,0.014231071843401954
coldplay,0.014231071843401954
carlos,0.014231071843401954
jim,0.014231071843401954
juliander,0.014231071843401954
rivera,0.014231071843401954
lovelies,0.014231071843401954
business,0.014231071843401954
infinity,0.014231071843401954
rida,0.014196716021749036
flo,0.014196716021749036
flame,0.014124395019969507
beautiful,0.01404576279687959
friend,0.013971066417596727
seventeen,0.013861157279416786
mad,0.01382813875278394
mexe,0.013825512657212099
waka,0.013825512657212099
kmix,0.013825512657212099
quizs,0.013825512657212099
perm,0.013825512657212099
james,0.013825512657212099
missin,0.013825512657212099
olvidarte,0.013825512657212099
cambiaste,0.013825512657212099
ganja,0.013825512657212099
rewrite,0.013825512657212099
remind,0.013825512657212099
formations,0.013825512657212099
feel,0.013717840708049874
oh,0.01369177956599413
azizam,0.01367473575589887
bass,0.013637451451195286
years,0.013637451451195286
pride,0.013519862490207063
anxiety,0.013505522373013376
time,0.013474083395878574
fuck,0.01343617583846984
mein,0.01343617583846984
kehna,0.01343617583846984
cudi,0.01343617583846984
marley,0.01343617583846984
jade,0.01343617583846984
philharmonic,0.01343617583846984
damian,0.01343617583846984
ja,0.01343617583846984
glory,0.01343617583846984
grandmas,0.01343617583846984
enamorar,0.01343617583846984
mother,0.01343617583846984
crucify,0.01343617583846984
problemz,0.01343617583846984
ralph,0.01343617583846984
liquor,0.01343617583846984
fireball,0.01343617583846984
excited,0.01343617583846984
llevo,0.01343617583846984
17,0.01343617583846984
perfecta,0.01343617583846984
jordan,0.01343617583846984
movie,0.01343617583846984
dano,0.01343617583846984
rockabye,0.01343617583846984
darling,0.01343617583846984
ishk,0.01343617583846984
brother,0.013428831212817965
ode,0.013362121201076518
remix,0.01335412749802102
ventura,0.013192907818191024
kind,0.01318430374787481
just,0.0131812194672037
beauty,0.013149887466609965
triste,0.01312407525566133
damour,0.013049506646254164
roman,0.013049506646254164
fearless,0.013046839019727582
lately,0.013046839019727582
lullaby,0.013046839019727582
fighter,0.013046839019727582
equivocado,0.013046839019727582
riverside,0.013046839019727582
kalabancoro,0.013046839019727582
entra,0.013046839019727582
hypnotized,0.013046839019727582
correcta,0.013046839019727582
djate,0.013046839019727582
momento,0.013046839019727582
icky,0.013046839019727582
natalie,0.013046839019727582
nile,0.013046839019727582
robinson,0.012986410130601946
doesnt,0.012962780042369627
cowboy,0.012946257802459626
freeze,0.012882398803952613
colada,0.012794252560206556
baba,0.012794252560206556
beach,0.012791816318613652
japan,0.012735609371347071
amor,0.012715123741448557
easy,0.012665730831034451
ceiling,0.01265658743514717
meri,0.01265658743514717
started,0.012651160658203818
duh,0.012645335425399628
kong,0.012645335425399628
maria,0.012645335425399628
paul,0.012645335425399628
carol,0.012645335425399628
league,0.012645335425399628
evolution,0.012645335425399628
carolina,0.012645335425399628
eso,0.012645335425399628
elley,0.012645335425399628
ests,0.012645335425399628
cissy,0.012645335425399628
standing,0.012590407499147084
stayin,0.01244988955830839
alive,0.012431743302452917
didnt,0.01239152484543324
falls,0.012338236833447345
cinderella,0.012338236833447345
mona,0.012335368810008608
2001,0.012266536247478916
1975,0.012243451295962523
monkey,0.012229744784327767
secrets,0.012226383919336595
rahsaan,0.012203275912452686
quelquun,0.012203275912452686
clinton,0.012203275912452686
primrose,0.012203275912452686
potion,0.012203275912452686
pyaar,0.012203275912452686
later,0.012203275912452686
drown,0.012203275912452686
panic,0.012203275912452686
oyster,0.012203275912452686
cyrus,0.012203275912452686
peekaboo,0.012203275912452686
ilovemakonnen,0.012203275912452686
ina,0.012203275912452686
moana,0.012203275912452686
meditation,0.012203275912452686
narcissist,0.012203275912452686
naisha,0.012203275912452686
guest,0.012203275912452686
miley,0.012203275912452686
kane,0.012203275912452686
mahal,0.012203275912452686
dit,0.012203275912452686
true,0.012192101160527694
nada,0.01214543401982455
toxic,0.012105620603253585
open,0.012052936719829698
robin,0.011935133768297461
sign,0.011843855552870305
lo,0.011810532927492326
itsy,0.01177323621601612
mistake,0.01177323621601612
spider,0.01177323621601612
bitsy,0.01177323621601612
merrily,0.011769327583229544
finishing,0.011769327583229544
rigoletto,0.011769327583229544
pelota,0.011769327583229544
pata,0.011769327583229544
general,0.011769327583229544
15x,0.011769327583229544
hasta,0.011769327583229544
confident,0.011769327583229544
pencil,0.011769327583229544
donna,0.011769327583229544
cooler,0.011769327583229544
lead,0.011769327583229544
mobile,0.011769327583229544
sex,0.011748020279060467
featuring,0.011733083887873799
drive,0.011726250153252345
start,0.011681377795636126
sunset,0.011680938238288788
avicii,0.011647043184711684
tibet,0.011562284565343965
makes,0.01147782980182619
bittersweet,0.01146657226243806
wing,0.011454885614316294
coconut,0.011379350856585445
ring,0.011360875516808502
69,0.011277068161114588
cardin,0.011266434192354124
canyon,0.011266434192354124
guetta,0.011266434192354124
cancion,0.011266434192354124
kidron,0.011266434192354124
oficial,0.011266434192354124
outnumbered,0.011266434192354124
okay,0.011266434192354124
pays,0.011266434192354124
drivin,0.011266434192354124
drops,0.011266434192354124
francia,0.011266434192354124
mundial,0.011266434192354124
heartless,0.011266434192354124
detective,0.011266434192354124
petit,0.011266434192354124
lugar,0.011266434192354124
pokmon,0.011266434192354124
pikachu,0.011266434192354124
favorito,0.011266434192354124
divine,0.011266434192354124
chica,0.011266434192354124
charlotte,0.011266434192354124
ilan,0.011266434192354124
copa,0.011266434192354124
collett,0.011266434192354124
devulveme,0.011266434192354124
1000000,0.011266434192354124
angels,0.011234409370053678
stop,0.011184009761576219
hes,0.011165215247003837
greatest,0.011165215247003837
magic,0.011102263073748807
jean,0.010930037325027389
breakfast,0.01091856523127244
belong,0.010897538838240227
klub,0.01086906272387307
believin,0.010866940809375171
plage,0.010857352895469843
eternal,0.010758990336882757
luz,0.010740403348595355
freedom,0.010625650678174158
manila,0.010625650678174158
pharrell,0.010625650678174158
fireworks,0.010625650678174158
jorja,0.010625650678174158
preacher,0.010625650678174158
june,0.010625650678174158
em,0.010625650678174158
reality,0.010625650678174158
kena,0.010625650678174158
lighter,0.010625650678174158
karibu,0.010625650678174158
dolor,0.010625650678174158
flashback,0.010625650678174158
lebanon,0.010625650678174158
zoom,0.010625650678174158
moonlit,0.010625650678174158
chambao,0.010625650678174158
ceelo,0.010625650678174158
congratulations,0.010625650678174158
mabel,0.010625650678174158
quise,0.010625650678174158
djame,0.010625650678174158
cruel,0.010625650678174158
knocks,0.010625650678174158
frogs,0.010625650678174158
olvidar,0.010625650678174158
gracias,0.010625650678174158
fully,0.010625650678174158
gloria,0.010625650678174158
loco,0.010625650678174158
pleaser,0.010625650678174158
puro,0.010625650678174158
iii,0.010597346606133876
new,0.010579118815730093
bad,0.010568347035099089
cest,0.010551458231114082
comes,0.010488924693089891
wonderful,0.0104630969715474
drift,0.010434856120332923
sugar,0.010425813191270375
glynne,0.010413793106054697
jess,0.010413793106054697
una,0.010402321012299749
sit,0.010396584965422274
satellite,0.010362168684157428
flowers,0.01027699966363514
youre,0.010209945330325957
people,0.010127073431697131
prayer,0.010124317637427984
mi,0.010072560071558045
seven,0.010070452426773152
milk,0.01003758985819887
greenlight,0.01003758985819887
lock,0.01003758985819887
controlla,0.01003758985819887
jasmine,0.01003758985819887
mul,0.01003758985819887
qaafirana,0.01003758985819887
lunchmoney,0.01003758985819887
imperfection,0.01003758985819887
mistress,0.01003758985819887
disneys,0.01003758985819887
religious,0.01003758985819887
minds,0.01003758985819887
mantra,0.01003758985819887
paparazzi,0.01003758985819887
paralyzed,0.01003758985819887
maleficent,0.01003758985819887
ramblin,0.01003758985819887
cintura,0.01003758985819887
friendly,0.01003758985819887
lewis,0.01003758985819887
neimy,0.01003758985819887
roches,0.01003758985819887
daymarks,0.01003758985819887
club,0.010030990261649404
spirit,0.010028433268263536
ripple,0.010018929181798964
free,0.009937081238140109
body,0.009831724597117336
mr,0.0098270180399449
beat,0.009826887995986081
higher,0.009823147244053664
hero,0.00980887361963481
wake,0.009803430293541783
feather,0.00977691107464204
sadness,0.009731203527635249
lips,0.009731203527635249
sunshine,0.009720169040964548
playing,0.009630822707279448
everyday,0.009610746543208287
dataset,0.009591140575913726
leh,0.009563085610356742
hague,0.009563085610356742
levant,0.009563085610356742
comfortable,0.009563085610356742
kalank,0.009563085610356742
raging,0.009563085610356742
isole,0.009563085610356742
phone,0.009563085610356742
depend,0.009563085610356742
roadkill,0.009563085610356742
rockafeller,0.009563085610356742
outter,0.009563085610356742
disco,0.009537559309744165
dos,0.009521837816607434
sleeping,0.009491986903653857
strawberry,0.009487421535342589
went,0.009467345371271429
mont,0.009424325019690372
stand,0.009424211909060894
orchestra,0.009326812222773307
vu,0.009175821536766791
everybody,0.009168106488848282
blessings,0.009117446511745493
llamada,0.009076414586928918
men,0.009076414586928918
levine,0.009076414586928918
guys,0.009076414586928918
lifes,0.009076414586928918
potatoes,0.009076414586928918
davis,0.009076414586928918
read,0.009076414586928918
conga,0.009076414586928918
1979,0.009076414586928918
complemento,0.009076414586928918
angel,0.00906869011328696
kids,0.00900144691583579
yes,0.008965895381862576
dani,0.008956837199176209
nana,0.008916684871033888
afro,0.008879879299758186
play,0.00883638021474925
magical,0.00881343602723935
usa,0.008810568003800614
spiritual,0.008805790959224897
wild,0.008764741850798573
english,0.008761811605342082
rivers,0.00868400874383136
turn,0.008670565450595422
woke,0.008618433704773302
nights,0.008574344792959548
looby,0.008557298828605904
loo,0.008557298828605904
laidu,0.008557298828605904
neve,0.008557298828605904
chambac,0.008557298828605904
montana,0.008557298828605904
makeda,0.008557298828605904
farmer,0.008557298828605904
clvame,0.008557298828605904
lease,0.008557298828605904
deixa,0.008557298828605904
psychotic,0.008557298828605904
reaction,0.008557298828605904
rasheed,0.008557298828605904
laud,0.008557298828605904
gabriel,0.008557298828605904
girar,0.008557298828605904
garage,0.008557298828605904
paid,0.008557298828605904
dell,0.008557298828605904
gira,0.008557298828605904
inkunzi,0.008557298828605904
leaving,0.008557298828605904
peckham,0.008557298828605904
joezi,0.008557298828605904
chemicals,0.008555313917753006
times,0.008524755077547505
better,0.008520170186736157
pressure,0.008503072868236396
dancin,0.008454933097397203
leo,0.008454496107128158
portela,0.008454496107128158
paint,0.008440444313044288
flower,0.008426252863009832
say,0.00835381016682178
im,0.00835273023210539
rain,0.008310048507976652
like,0.008293630245580868
finger,0.008279569450986856
family,0.008277115644195499
laughing,0.008277115644195499
2010,0.00824556738636939
band,0.00823669329882818
rule,0.008171118259770122
ground,0.00809333510120783
bellestar,0.008082090050361371
des,0.008082090050361371
kissed,0.008079222026922633
girl,0.008034735165720926
rockers,0.0080179051109734
clover,0.0080179051109734
mt,0.0080179051109734
harkna,0.0080179051109734
paraso,0.0080179051109734
cuff,0.0080179051109734
reset,0.0080179051109734
remake,0.0080179051109734
foto,0.0080179051109734
hickory,0.0080179051109734
negro,0.0080179051109734
francis,0.0080179051109734
outta,0.0080179051109734
dickory,0.0080179051109734
diggity,0.0080179051109734
cph,0.0080179051109734
dock,0.0080179051109734
ellie,0.0080179051109734
goulding,0.0080179051109734
mercier,0.0080179051109734
richard,0.0080179051109734
natio,0.0080179051109734
mueves,0.0080179051109734
flies,0.0080179051109734
ghosts,0.0080179051109734
painting,0.0080179051109734
catching,0.007944424925301986
wall,0.007925211863302407
kill,0.007921480737792088
rhythm,0.007912781697230375
pretty,0.007890082378092732
kindness,0.00779718800226639
things,0.0077583625873208235
hunt,0.007730250644286477
gum,0.00772645514395796
virgin,0.007723587120519224
castle,0.007691710953328344
london,0.007677512119817453
crazy,0.007601757622759234
surfin,0.007592652736650827
javier,0.007580185948582364
penna,0.007580185948582364
town,0.007536597498800911
window,0.007525693503246357
weather,0.007519957456368883
2002,0.007510683937828255
line,0.0075060000064669655
leao,0.00750274931573646
gspliff,0.007488796713174996
ver,0.007446273974068657
junction,0.007442520823522979
space,0.007429465614883917
hand,0.007417876307046876
lovefool,0.007393343964241026
palmera,0.007393343964241026
purple,0.007393343964241026
chapu,0.007393343964241026
dalbani,0.007393343964241026
icona,0.007393343964241026
episode,0.007393343964241026
yesterdays,0.007393343964241026
passionfruit,0.007393343964241026
jvenes,0.007393343964241026
jonze,0.007393343964241026
eternamente,0.007393343964241026
maitri,0.007393343964241026
maracan,0.007393343964241026
naima,0.007393343964241026
moth,0.007393343964241026
gogo,0.007393343964241026
celebrate,0.007393343964241026
dans,0.007393343964241026
japanese,0.007393343964241026
curarte,0.007393343964241026
monde,0.007393343964241026
mim,0.007393343964241026
owls,0.007393343964241026
hurricane,0.007393343964241026
fly,0.007349924362970023
cloudy,0.0072503632531275885
thousand,0.0072366739531928
work,0.007229648056150865
know,0.007210737956361103
si,0.007184315277817999
6am,0.0071700585968429474
krister,0.0071700585968429474
runaway,0.007168382518212649
felt,0.007079762252589591
nice,0.006902137485958346
bear,0.006896816991640587
sir,0.006888992299846704
unknown,0.006871327307012193
cleopatra,0.0067972155498071144
feet,0.006770622782744461
fear,0.006699702752890051
butterfly,0.0066939667060125765
hubiera,0.006691726572132579
fait,0.006691726572132579
charli,0.006691726572132579
conocido,0.006691726572132579
damage,0.006691726572132579
elyjah,0.006691726572132579
pasa,0.006691726572132579
camino,0.006691726572132579
pancake,0.006691726572132579
gypsy,0.006691726572132579
yaa,0.006691726572132579
yere,0.006691726572132579
grizzly,0.006691726572132579
midnat,0.006691726572132579
dreamflower,0.006691726572132579
papa,0.006691726572132579
homeless,0.006691726572132579
phoebe,0.006691726572132579
near,0.006691726572132579
ndokulandela,0.006691726572132579
johny,0.006691726572132579
jubel,0.006691726572132579
raphaella,0.006691726572132579
omeiso,0.006691726572132579
nube,0.006691726572132579
acapulco,0.006653814377870256
high,0.006622020326424363
solo,0.006614628011287903
mans,0.006550565534075716
sing,0.006543015576005636
trying,0.006533357393443294
schulz,0.006477877072663846
sun,0.006462082679799283
al,0.006455920760597389
raining,0.00638865039118279
lean,0.0063631207543122445
coast,0.006243687026130839
stranger,0.006231259506493849
wanted,0.00621791888211226
wax,0.006194930627672307
se,0.006170491223899933
air,0.006165356635820965
patacake,0.006157646322968724
kiss,0.0061114434609918
yesterday,0.006071605619806608
charcos,0.006022553914919322
glad,0.006022553914919322
casernes,0.006022553914919322
200,0.006022553914919322
dakota,0.006022553914919322
pompidou,0.006022553914919322
opstigning,0.006022553914919322
index,0.006022553914919322
mon,0.006022553914919322
melhor,0.006022553914919322
ibiza,0.006022553914919322
fnt,0.006022553914919322
pear,0.006022553914919322
prickly,0.006022553914919322
coeur,0.006022553914919322
jolies,0.006022553914919322
foundations,0.006022553914919322
k3y,0.006022553914919322
orphans,0.006022553914919322
noon,0.006022553914919322
lemonade,0.006022553914919322
killing,0.006022553914919322
loose,0.006022553914919322
raven,0.006022553914919322
choses,0.006022553914919322
thank,0.005876977738438244
grease,0.0058636780404522386
lucky,0.005845862596912522
hopes,0.005833559674391422
sol,0.0057808123107947655
forever,0.005771060891327982
pop,0.005715970713403198
right,0.005696447955062743
alice,0.005621325939924871
hook,0.0056069858227311845
operator,0.005598381752414973
boy,0.005521392916417223
rocket,0.005480199692709111
feelin,0.0054463765101619025
jesus,0.005406103951910745
prince,0.005406103951910745
interpretation,0.005406103951910745
meteadisco,0.005406103951910745
pouring,0.005406103951910745
jak,0.005406103951910745
christ,0.005406103951910745
ear,0.005406103951910745
loud,0.005406103951910745
lovesong,0.005406103951910745
project,0.005406103951910745
functioning,0.005406103951910745
yakuza,0.005406103951910745
yemanj,0.005406103951910745
menswear,0.005406103951910745
capito,0.005406103951910745
maya,0.005406103951910745
highly,0.005406103951910745
pont,0.005406103951910745
immunity,0.005406103951910745
moewe,0.005406103951910745
hall,0.005406103951910745
courage,0.005406103951910745
fires,0.005406103951910745
moscow,0.005406103951910745
poison,0.005406103951910745
pollen,0.005406103951910745
inside,0.005402914825247828
real,0.005396067536788986
bananas,0.005360335806999787
theatre,0.005265691033521461
december,0.005265691033521461
pinot,0.0052628230100827235
french,0.005191122424114294
jjs,0.005176489017113379
floor,0.005153425139334054
everybodys,0.005128904840612373
think,0.0051040254332283975
used,0.005010436947473851
liongold,0.004990728865454323
dont,0.004971407977911394
smooth,0.004969651174328518
bit,0.00495020845526037
long,0.004941950112405197
break,0.0049396101485650115
intelligence,0.004918660197434262
emotional,0.004918660197434262
apart,0.004866604684380142
espresso,0.004856001060724698
fallin,0.004821518179341106
mas,0.0048096753067622495
mirage,0.004803371611002728
royal,0.004778127048936141
short,0.0047437107676712945
judgement,0.0047328757028355884
frail,0.0047328757028355884
joycelyns,0.0047328757028355884
mang,0.0047328757028355884
freed,0.0047328757028355884
quimey,0.0047328757028355884
driving,0.0047328757028355884
quartz,0.0047328757028355884
parallel,0.0047328757028355884
paraiso,0.0047328757028355884
femme,0.0047328757028355884
chanson,0.0047328757028355884
leau,0.0047328757028355884
nectar,0.0047328757028355884
duck,0.0047328757028355884
lyk,0.0047328757028355884
getsomerestsleepwell,0.0047328757028355884
gade,0.0047328757028355884
ran,0.0047328757028355884
europe,0.0047328757028355884
path,0.0047328757028355884
cause,0.0047328757028355884
oopsi,0.0047328757028355884
drummer,0.0047328757028355884
football,0.0047328757028355884
flox,0.0047328757028355884
camel,0.0047328757028355884
fidelity,0.0047328757028355884
nightshade,0.0047328757028355884
metal,0.0047328757028355884
denied,0.0047328757028355884
relight,0.0047328757028355884
nobodys,0.0047328757028355884
dargent,0.0047328757028355884
guy,0.0047328757028355884
revealed,0.0047328757028355884
neuqun,0.0047328757028355884
vero,0.004703558439528974
tonight,0.004693179228240269
luxury,0.004615940526886969
africa,0.004614620891039552
mars,0.004553824172299248
generation,0.004435682999141477
coffee,0.004398207483165885
train,0.004390949715041849
jusquici,0.004367999697196724
tout,0.004367999697196724
sands,0.004367999697196724
san,0.004324979345615666
movin,0.00421886247838239
promise,0.004170106079923858
sos,0.00415863398616891
simple,0.004084065376761743
day,0.004040223395385036
natures,0.004027202718865243
pong,0.004027202718865243
jaehn,0.004027202718865243
jefe,0.004027202718865243
numb,0.004027202718865243
outlaws,0.004027202718865243
dip,0.004027202718865243
lamb,0.004027202718865243
particular,0.004027202718865243
ratio,0.004027202718865243
happen,0.004027202718865243
piebald,0.004027202718865243
daydream,0.004027202718865243
felix,0.004027202718865243
muffin,0.004027202718865243
refract,0.004027202718865243
cheerleader,0.004027202718865243
chilled,0.004027202718865243
reflection,0.004027202718865243
nocturne,0.004027202718865243
kittens,0.004027202718865243
elder,0.004027202718865243
qui,0.004027202718865243
loved,0.004023497039347971
1999,0.004012364790793313
wonder,0.003991772468219863
cold,0.003987135334927715
self,0.003949268275141095
youth,0.003948554137567333
cat,0.003946212171886688
waiting,0.003933017447789232
ants,0.0039062479235600378
silhouettes,0.0038946889269125006
du,0.003871831642295192
eres,0.0038660955954177172
miami,0.0038345473375916085
diamonds,0.003782974928258798
listen,0.0037687760947479067
moss,0.0037471450890318703
wont,0.003739902564113281
vibrations,0.003739902564113281
vibe,0.0037342932133643146
rio,0.0037088226952547683
shake,0.0037073316724609067
loves,0.0037034082945095774
shift,0.003674544152931878
gold,0.0036289484646884543
tan,0.0036108415093701086
round,0.0035993694156151597
wind,0.003596298932013575
sea,0.0035767208743093413
evening,0.003567821157789051
rouge,0.0035480780061770524
upside,0.0034846484780656725
best,0.003425253858154126
moving,0.0033817984428512627
weve,0.0033355112592513394
cloud,0.0033295011269015677
melody,0.0033265838511230177
heartbeat,0.00332324930083514
today,0.0032454476596322124
color,0.003223135206972241
dressed,0.0032225447765674084
lookin,0.0032160843464855366
loop,0.0032160843464855366
louie,0.0032160843464855366
paraty,0.0032160843464855366
keeps,0.0032160843464855366
jeanne,0.0032160843464855366
jackie,0.0032160843464855366
owen,0.0032160843464855366
glass,0.0032160843464855366
elbow,0.0032160843464855366
cuddly,0.0032160843464855366
egyptian,0.0032160843464855366
queensland,0.0032160843464855366
rabia,0.0032160843464855366
disturb,0.0032160843464855366
flamingo,0.0032160843464855366
dogs,0.0032160843464855366
positive,0.0032160843464855366
chemical,0.0032160843464855366
fantasy,0.0032160843464855366
favorite,0.0032160843464855366
guacamayo,0.0032160843464855366
noctuary,0.0032160843464855366
memory,0.0032160843464855366
meadow,0.0032160843464855366
currencies,0.0032160843464855366
doll,0.0032160843464855366
motivation,0.0032160843464855366
heroes,0.0032160843464855366
yeux,0.0032160843464855366
native,0.0032160843464855366
levitating,0.0032160843464855366
couldve,0.0032160843464855366
cozy,0.0032160843464855366
linvisible,0.0032160843464855366
sunrise,0.0031780140400821965
come,0.0031467954252818574
del,0.0031423727876698855
burning,0.0031171563209383872
hill,0.003072658973006134
growing,0.003025764727867724
shadows,0.0030056885637965635
pain,0.0029579026546545325
viva,0.002946192826251308
afrobeats,0.0027647745949426405
bodies,0.0027619065715039034
tangled,0.0027619065715039034
save,0.002700431774609463
size,0.0026768667729771428
maia,0.002672997844903051
wright,0.002672997844903051
begin,0.002650928286341582
someday,0.002647068247387523
havent,0.002589825165179673
uptown,0.002548058660541672
slipping,0.00248084027450766
ways,0.0024381425542986997
flag,0.0024292158526103905
om,0.0023747234072743844
escape,0.0023671483867442455
missing,0.002366119336958173
kettle,0.0023522432799011495
peach,0.0023522432799011495
neon,0.0023522432799011495
heartache,0.0023522432799011495
calmarme,0.0023522432799011495
effect,0.0023522432799011495
1958,0.0023522432799011495
rama,0.0023522432799011495
polly,0.0023522432799011495
phase,0.0023522432799011495
dong,0.0023522432799011495
finest,0.0023522432799011495
ki,0.0023522432799011495
offlines,0.0023522432799011495
pandora,0.0023522432799011495
margarita,0.0023522432799011495
ding,0.0023522432799011495
2008,0.0023522432799011495
lavender,0.0023522432799011495
drinkin,0.0023522432799011495
kyle,0.0023522432799011495
mavs,0.0023522432799011495
ngi,0.0023522432799011495
lama,0.0023522432799011495
edge,0.0023522432799011495
codys,0.0023522432799011495
million,0.0022927844013513757
dorfmeister,0.0022571344462861596
soleil,0.002255312950461057
100,0.0022318932936546076
shade,0.002220183465251383
moondance,0.0022083780478276277
gonna,0.0021457282543980135
rainbow,0.0020907890868394033
monkeys,0.0019961443133610763
bam,0.001993276289922339
evenings,0.001987540243044865
goodbye,0.001987479405160778
chase,0.0019645960555349676
ghost,0.001897906364435444
rapture,0.0018154588367206344
blurred,0.0018150234024998124
ali,0.0017208140632423074
mono,0.0017146477193035322
black,0.0016795318810205507
funky,0.001663453594467564
boys,0.0016605855710288267
carry,0.0016551783064124284
john,0.001646401873493378
rise,0.0016389510681142673
lipa,0.0015774128913054485
dua,0.0015774128913054485
runnin,0.0015667750403514508
erosion,0.0015573472749690368
es,0.0015573472749690368
chose,0.0015573472749690368
gettin,0.0015573472749690368
quicksand,0.0015573472749690368
enchanted,0.0015573472749690368
drowning,0.0015573472749690368
hotel,0.0015573472749690368
elephants,0.0015573472749690368
miraflores,0.0015573472749690368
ima,0.0015573472749690368
longing,0.0015573472749690368
khepre,0.0015573472749690368
fugazi,0.0015573472749690368
gratis,0.0015573472749690368
fergie,0.0015573472749690368
grip,0.0015573472749690368
oceanside,0.0015573472749690368
diablo,0.0015573472749690368
dragonfruit,0.0015573472749690368
lmfao,0.0015573472749690368
pjaro,0.0015573472749690368
pobre,0.0015573472749690368
daisy,0.0015573472749690368
firetruck,0.0015573472749690368
haircut,0.0015573472749690368
icogito,0.0015573472749690368
spring,0.001508580328775756
spaces,0.001508580328775756
half,0.0014024634615424805
pink,0.001393859391226269
slow,0.001369651370064745
fading,0.001355998129093408
spanish,0.0013192907818191024
barcelona,0.0013192907818191024
sunflower,0.0013135547349416282
dreams,0.0012520322781955663
ok,0.001241290543326451
horse,0.0012246460083407754
difference,0.0012246460083407754
really,0.0011930977505146664
shut,0.0011897185657676187
rare,0.0011873617036371922
2020,0.0011826926687256841
deja,0.0011730215864435064
style,0.001072640766087705
hearts,0.0010583006488940191
garden,0.0010269741895511102
falling,0.000995769123348082
dog,0.000948953182217722
twinkle,0.0009263715707121088
angeles,0.0009203925124934532
does,0.0008548174734353954
au,0.0008460669144274678
lane,0.0008460669144274678
face,0.0008030465628464101
bonus,0.0007973105159689357
glorious,0.0006894506165227506
kenneth,0.0006894506165227506
nio,0.0006894506165227506
pale,0.0006894506165227506
dots,0.0006894506165227506
hermanos,0.0006894506165227506
lining,0.0006894506165227506
inch,0.0006894506165227506
draw,0.0006894506165227506
greenleaf,0.0006894506165227506
noire,0.0006894506165227506
doble,0.0006894506165227506
heads,0.0006894506165227506
photograph,0.0006894506165227506
lovely,0.0006894506165227506
knows,0.0006894506165227506
petrichor,0.0006894506165227506
naughty,0.0006894506165227506
central,0.0006894506165227506
mali,0.0006894506165227506
patchworks,0.0006894506165227506
frequency,0.0006894506165227506
nublado,0.0006894506165227506
fragments,0.0006894506165227506
ceres,0.0006894506165227506
rip,0.0006894506165227506
primos,0.0006894506165227506
gutirrez,0.0006894506165227506
mountains,0.0006894506165227506
crusoe,0.0006894506165227506
buttery,0.0006894506165227506
imitation,0.0006894506165227506
constellation,0.0006894506165227506
enemy,0.0006768535315419742
mambo,0.0006539093440320769
santa,0.0005965488752573332
noir,0.0004442206484121591
rider,0.0004219081957521876
car,0.0004178513861776474
marching,0.00040281809707092605
words,0.0003271511395382346
hot,0.0002605803450076319
wonderwall,0.00025525408604760893
bossa,0.00021546084261933254
kid,0.00014340117193685893
sunrays,9.751279691706409e-05
walk,6.920885399891864e-05
familiar,3.441628126484615e-05
calling,-2.1773304372108345e-05
evil,-3.7284304703583326e-05
luv,-7.025897041934757e-05
laughter,-9.602059290644168e-05
somebody,-0.00016279626801764735
wicked,-0.0001689647586666903
adore,-0.00017038600213069118
sunny,-0.00019051641325594802
stereo,-0.00019233085528695703
berlin,-0.00021311887693868764
hide,-0.00022718133617425488
song,-0.00024096820449617
pulse,-0.00024739110357581054
evum,-0.00024739110357581054
madalena,-0.00024739110357581054
104,-0.00024739110357581054
prove,-0.00024739110357581054
galore,-0.00024739110357581054
goliath,-0.00024739110357581054
cruisin,-0.00024739110357581054
inner,-0.00024739110357581054
ninas,-0.00024739110357581054
mesmerised,-0.00024739110357581054
mitchell,-0.00024739110357581054
perks,-0.00024739110357581054
net,-0.00024739110357581054
ceces,-0.00024739110357581054
revive,-0.00024739110357581054
pepsi,-0.00024739110357581054
faya,-0.00024739110357581054
firefighter,-0.00024739110357581054
pinkfog,-0.00024739110357581054
lays,-0.00024739110357581054
dimension,-0.00024739110357581054
orbits,-0.00024739110357581054
gavin,-0.00024739110357581054
depart,-0.00024739110357581054
repeat,-0.00024739110357581054
drinks,-0.00024739110357581054
nil,-0.00024739110357581054
ray,-0.00024739110357581054
pia,-0.00024739110357581054
heartburn,-0.00024739110357581054
liv,-0.00024739110357581054
days,-0.00029078646370618154
stars,-0.00030562803825282453
living,-0.00031026958730254395
devotion,-0.00031616536688706406
fade,-0.00034280040904865246
happiness,-0.000346610920735448
skin,-0.00037284304703583327
acoustic,-0.00037377505838785994
wrong,-0.0004336516454111579
indigo,-0.0004359395626880512
bingo,-0.00043880758612678837
cosmos,-0.00043880758612678837
los,-0.0004489161725360105
release,-0.00046461979707542296
hair,-0.00046461979707542296
catch,-0.00046461979707542296
deepend,-0.00046461979707542296
chance,-0.0004969591728811825
city,-0.0005222376108863583
stay,-0.0005872208216891726
old,-0.0006027796900348954
aire,-0.0006883256252969229
turning,-0.0006997977190518716
god,-0.0007094468341245303
enjoy,-0.0007170058596842948
twist,-0.0008377311771425649
crimson,-0.0008431988909887307
cake,-0.0008575390081824165
heaven,-0.0008696592474549254
giving,-0.0009148994769571601
september,-0.0009157085811321633
hungry,-0.0009349756410283203
ymca,-0.0009349756410283203
lightning,-0.0009349756410283203
low,-0.0009513210768151298
cats,-0.0009812836201902211
choose,-0.0009906514829128008
ice,-0.0009961286750239569
shout,-0.0010164131053998948
10,-0.0010164131053998948
lost,-0.0010165156699188838
did,-0.0010251597475201013
plane,-0.0010353564613841215
beacon,-0.001086980883281391
frozen,-0.001086980883281391
likes,-0.0011013210004750767
red,-0.0011197122192079187
ferrari,-0.0011386053051786601
riddim,-0.0011386053051786601
pieces,-0.0011386053051786601
thunder,-0.0012074378677083524
currents,-0.00121667755856956
eric,-0.00121667755856956
rainfall,-0.00121667755856956
nightswimming,-0.00121667755856956
euphoria,-0.00121667755856956
glimpses,-0.00121667755856956
resilience,-0.00121667755856956
nation,-0.00121667755856956
oova,-0.00121667755856956
driver,-0.00121667755856956
caller,-0.00121667755856956
dumpty,-0.00121667755856956
dinner,-0.00121667755856956
edapollo,-0.00121667755856956
coxis,-0.00121667755856956
liked,-0.00121667755856956
liem,-0.00121667755856956
retromigration,-0.00121667755856956
helicopter,-0.00121667755856956
indie,-0.00121667755856956
moomin,-0.00121667755856956
guitare,-0.00121667755856956
letting,-0.00121667755856956
hilton,-0.00121667755856956
hoi,-0.00121667755856956
dac,-0.00121667755856956
pack,-0.00121667755856956
fix,-0.00121667755856956
humpty,-0.00121667755856956
grooves,-0.00121667755856956
respira,-0.00121667755856956
jaded,-0.00121667755856956
jsors,-0.00121667755856956
jet,-0.00121667755856956
fresco,-0.00121667755856956
novel,-0.00121667755856956
grand,-0.00121667755856956
fmur,-0.00121667755856956
fedde,-0.00121667755856956
hypnagogia,-0.00121667755856956
changing,-0.00121667755856956
fivekey,-0.00121667755856956
caribe,-0.00121667755856956
cross,-0.0012275140317795127
lily,-0.0012646614675482562
peace,-0.0012730461647047408
tattoo,-0.0012848745005542563
dancing,-0.0013285941292497509
teresa,-0.0013766512505938458
knees,-0.0014613865847224296
shoulders,-0.0014613865847224296
bed,-0.0014684124817643642
faith,-0.001513189971303519
end,-0.0015163030739763082
closer,-0.0015171843990919676
stupid,-0.0015199357267385524
track,-0.001543616043112571
orange,-0.0015517296622616517
drink,-0.0016146971960090317
vertigo,-0.0016691896413450382
war,-0.0016932411871062765
feels,-0.0016988901281283764
country,-0.0017180588548178024
friends,-0.001726913804493236
queen,-0.001746626274190942
memories,-0.0017736224989291056
mwaki,-0.001775306508578314
different,-0.0018113654750322285
tune,-0.001875687328934115
let,-0.0018921746650222178
crystal,-0.0019072355867602241
nu,-0.0019072355867602241
electric,-0.001987540243044865
places,-0.0020133524539934994
survive,-0.0020420326883808715
try,-0.002056802454291915
civilizacin,-0.002121074543772933
claudia,-0.002121074543772933
onya,-0.002121074543772933
lmh,-0.002121074543772933
letters,-0.002121074543772933
raw,-0.002121074543772933
lampadaire,-0.002121074543772933
leitte,-0.002121074543772933
lopez,-0.002121074543772933
lostmyhead,-0.002121074543772933
ralf,-0.002121074543772933
gardening,-0.002121074543772933
cuts,-0.002121074543772933
dom,-0.002121074543772933
cup,-0.002121074543772933
fifa,-0.002121074543772933
cars,-0.002121074543772933
daysleeper,-0.002121074543772933
official,-0.002121074543772933
creek,-0.002121074543772933
dmmerung,-0.002121074543772933
discolo,-0.002121074543772933
gris,-0.002121074543772933
passion,-0.002121074543772933
jennifer,-0.002121074543772933
reworked,-0.002121074543772933
hummingbirds,-0.002121074543772933
meditacin,-0.002121074543772933
nightcap,-0.002121074543772933
rebel,-0.002121074543772933
reasons,-0.002121074543772933
reason,-0.002121074543772933
kalif,-0.002121074543772933
gazing,-0.002121074543772933
ceremony,-0.002121074543772933
merida,-0.002121074543772933
ola,-0.002121074543772933
ole,-0.002121074543772933
edmondsons,-0.002121074543772933
quilt,-0.002121074543772933
yoruba,-0.002121074543772933
loire,-0.002121074543772933
dollar,-0.0021424135087366727
2007,-0.0022245059300170693
extended,-0.0022482870534191223
desire,-0.002308324647913411
dj,-0.0023114223737470416
away,-0.0023136057470019393
looking,-0.0023273646856623535
ball,-0.002395830891299752
roses,-0.002395830891299752
treasure,-0.002403403641661756
circle,-0.002437986273551361
super,-0.0025410327634997373
chocolate,-0.002543374729180382
lets,-0.0025598141795447832
honest,-0.002576074079833069
tourist,-0.002581221094863461
coming,-0.0025984292354958843
clock,-0.0026500536573931537
frog,-0.0026500536573931537
language,-0.0026902059855354737
na,-0.002716498950668052
alright,-0.0028817875593208546
madness,-0.0029368560012668714
gummy,-0.0029368560012668714
trouper,-0.0029368560012668714
season,-0.0029391585367544225
sweet,-0.002941817879526576
manhattan,-0.002954064141899294
weightless,-0.002954064141899294
roads,-0.002972748834771625
fireboy,-0.002972748834771625
dia,-0.002972748834771625
resuena,-0.002972748834771625
kareem,-0.002972748834771625
hopkins,-0.002972748834771625
nightglow,-0.002972748834771625
matumbayo,-0.002972748834771625
changeless,-0.002972748834771625
isla,-0.002972748834771625
collarbone,-0.002972748834771625
nite,-0.002972748834771625
dreamgaze,-0.002972748834771625
dml,-0.002972748834771625
headcarsbending,-0.002972748834771625
evoke,-0.002972748834771625
gaslight,-0.002972748834771625
katika,-0.002972748834771625
motocicletta,-0.002972748834771625
likambo,-0.002972748834771625
freshies,-0.002972748834771625
edmondson,-0.002972748834771625
fractals,-0.002972748834771625
dubrovnik,-0.002972748834771625
ngana,-0.002972748834771625
duality,-0.002972748834771625
nimble,-0.002972748834771625
meadowlark,-0.002972748834771625
marahau,-0.002972748834771625
ebow,-0.002972748834771625
milles,-0.002972748834771625
breath,-0.0029982962077128375
run,-0.0030246349840936737
anymore,-0.0030802571732037303
bubbles,-0.0030802571732037303
chill,-0.0031550071816839184
cocomelon,-0.0031663376002319305
halsey,-0.0031691658998045827
macdonald,-0.0032121862513856403
straight,-0.0032121862513856403
jane,-0.0032121862513856403
mood,-0.003325591266515785
goes,-0.0033350147949089983
ophelia,-0.003384267657709871
colors,-0.0033984499240799107
film,-0.0034072118452197686
ordinary,-0.003477819035757705
moonshine,-0.0034875165015044096
bubble,-0.0034875165015044096
juliet,-0.00350759266557557
dreamer,-0.003567821157789051
jumping,-0.003567821157789051
meant,-0.003602237439053897
closed,-0.003622313603125057
birds,-0.003689063897556072
believe,-0.003743728966536472
hold,-0.003770383999755207
changes,-0.0037800548922556016
ocean,-0.0037896033517491445
clouds,-0.003862998207948253
shiny,-0.0038806371328286306
related,-0.0038833037360501404
clyde,-0.0038893125955606934
genie,-0.0038893125955606934
east,-0.0038893125955606934
having,-0.0038893125955606934
marlon,-0.0038893125955606934
robot,-0.0038893125955606934
limelight,-0.0038893125955606934
lou,-0.0038893125955606934
postman,-0.0038893125955606934
otherside,-0.0038893125955606934
gang,-0.0038893125955606934
electrolite,-0.0038893125955606934
della,-0.0038893125955606934
freaky,-0.0038893125955606934
encounter,-0.0038893125955606934
dubs,-0.0038893125955606934
dubai,-0.0038893125955606934
porteos,-0.0038893125955606934
leila,-0.0038893125955606934
lakeside,-0.0038893125955606934
klone,-0.0038893125955606934
careless,-0.0038893125955606934
remains,-0.0038893125955606934
crisantemo,-0.0038893125955606934
diez,-0.0038893125955606934
riva,-0.0038893125955606934
hijos,-0.0038893125955606934
reno,-0.0038893125955606934
hang,-0.0038893125955606934
rerecording,-0.0038893125955606934
halo,-0.0038893125955606934
relics,-0.0038893125955606934
nj,-0.0038893125955606934
continental,-0.0038893125955606934
frenzy,-0.0038893125955606934
married,-0.0038893125955606934
norr,-0.0038893125955606934
idoido,-0.0038893125955606934
cariito,-0.0038893125955606934
crying,-0.0038893125955606934
horizons,-0.0038893125955606934
dias,-0.0038893125955606934
lollipops,-0.0038893125955606934
adam,-0.0039005118766825635
automatic,-0.003920588040753723
make,-0.003925584031984624
ma,-0.004084065376761743
2019,-0.00415863398616891
tourmaubourg,-0.004202854719223715
jon,-0.004204522361188704
grow,-0.004230334572137339
roof,-0.004238938642453551
tiempo,-0.004238938642453551
rainbows,-0.004250410736208499
echo,-0.004267618876840922
dreamers,-0.004287695040912083
untitled,-0.004297507023983426
whispers,-0.0042991671346670314
mundo,-0.004390943884706621
elle,-0.004390943884706621
studio,-0.00442723855566203
night,-0.004482890437733219
quiero,-0.004527399485186936
vol,-0.004632408116315649
groove,-0.004707819687828719
stolen,-0.0047424805033059615
brown,-0.004746578791110031
calm,-0.004786977851238215
sad,-0.004798203213007301
far,-0.004805374046183237
clear,-0.004826154315659254
rakoon,-0.004826154315659254
dumb,-0.004826154315659254
meduza,-0.004826154315659254
everythings,-0.004826154315659254
months,-0.004826154315659254
iv,-0.004826154315659254
final,-0.004826154315659254
flex,-0.004826154315659254
leap,-0.004826154315659254
hiatus,-0.004826154315659254
dear,-0.004826154315659254
canal,-0.004826154315659254
mryn,-0.004826154315659254
delightful,-0.004826154315659254
rhodes,-0.004826154315659254
muga,-0.004826154315659254
campfire,-0.004826154315659254
inertia,-0.004826154315659254
hammock,-0.004826154315659254
cosy,-0.004826154315659254
kokiri,-0.004826154315659254
cayo,-0.004826154315659254
criminal,-0.004826154315659254
paradis,-0.004826154315659254
homerun,-0.004826154315659254
evig,-0.004826154315659254
pretoria,-0.004826154315659254
countdown,-0.004826154315659254
islands,-0.004826154315659254
reserva,-0.004826154315659254
reserve,-0.004826154315659254
harvey,-0.004826154315659254
nocturn,-0.004826154315659254
haunt,-0.004826154315659254
facedown,-0.004826154315659254
luka,-0.004826154315659254
matinl,-0.004826154315659254
ce,-0.004826154315659254
doubts,-0.004826154315659254
jaune,-0.004826154315659254
piece,-0.004826154315659254
madrid,-0.004826154315659254
paperboat,-0.004826154315659254
sleeps,-0.004826883447394672
signs,-0.004852695658343307
ears,-0.004852695658343307
souls,-0.0048612997286595185
elvis,-0.004872771822414467
uh,-0.004872771822414467
lady,-0.0048826635054452965
reach,-0.0049129241505567875
strange,-0.0049269952282791525
hours,-0.004935868338066685
limit,-0.005013304970912589
golden,-0.005030842863438613
desert,-0.005042252110428511
wine,-0.005071011968175332
hidden,-0.0051130976433834425
leave,-0.005125602549829922
ya,-0.005132542219860813
soon,-0.005139977730942517
summer,-0.005169296524275056
babe,-0.005199726494430506
texas,-0.005199726494430506
echoes,-0.005224090646969094
silence,-0.00525139995776464
marshmello,-0.0053574677835610506
waves,-0.005387443114989473
lose,-0.005394341399116354
heavy,-0.0054035441424756655
global,-0.005411960228897057
early,-0.005440640463284428
learn,-0.005535285236762755
halftime,-0.005535285236762755
close,-0.005555404305090674
faded,-0.005588255188929216
karma,-0.005593924781600835
je,-0.005598397212865566
belle,-0.005615589893047396
fascination,-0.005615589893047396
quiet,-0.005690976603967153
mixed,-0.005718073095314505
loyal,-0.005734606892724526
giver,-0.005734606892724526
nursery,-0.005734606892724526
citrine,-0.005734606892724526
counting,-0.005734606892724526
rehearsal,-0.005734606892724526
kai,-0.005734606892724526
pistache,-0.005734606892724526
highflyer,-0.005734606892724526
paz,-0.005734606892724526
leper,-0.005734606892724526
limpieza,-0.005734606892724526
patterns,-0.005734606892724526
fireline,-0.005734606892724526
citrus,-0.005734606892724526
pierdo,-0.005734606892724526
flags,-0.005734606892724526
energtica,-0.005734606892724526
encore,-0.005734606892724526
cheerful,-0.005734606892724526
marco,-0.005734606892724526
closure,-0.005734606892724526
rhyme,-0.005734606892724526
hiraya,-0.005734606892724526
lai,-0.005734606892724526
ink,-0.005734606892724526
delhi,-0.005734606892724526
indian,-0.005734606892724526
polaris,-0.005734606892724526
conversations,-0.005734606892724526
exhale,-0.005734606892724526
gitarre,-0.005734606892724526
polnische,-0.005734606892724526
pam,-0.005734606892724526
lulu,-0.005734606892724526
intimate,-0.00576472711186173
lola,-0.005864118239997954
came,-0.005900629526168817
focus,-0.005910996307237326
needs,-0.005934541034754225
lie,-0.005934541034754225
shalala,-0.005951148635379646
cherry,-0.005951148635379646
aok,-0.005951148635379646
venice,-0.005951148635379646
joe,-0.005982696893205755
celestial,-0.006034321315103024
fall,-0.006039382220686095
wants,-0.006152343843054202
afterlife,-0.006194930627672307
thing,-0.006214436777807431
absence,-0.006220742838620941
rosa,-0.006224944779154195
paris,-0.006271827602239251
waste,-0.006295311448028108
got,-0.00643473462730272
fish,-0.0064567993815380425
lovers,-0.006491928866747715
head,-0.0065063229812240865
hum,-0.006679559796546884
liar,-0.006679559796546884
confidence,-0.006679559796546884
ciel,-0.006679559796546884
metropolis,-0.006679559796546884
dpart,-0.006679559796546884
construction,-0.006679559796546884
driftwood,-0.006679559796546884
kli,-0.006679559796546884
hazey,-0.006679559796546884
dorado,-0.006679559796546884
chaos,-0.006679559796546884
bora,-0.006679559796546884
galaxies,-0.006679559796546884
procrastination,-0.006679559796546884
itoldyou,-0.006679559796546884
estrellas,-0.006679559796546884
garbage,-0.006679559796546884
intuition,-0.006679559796546884
oak,-0.006679559796546884
nostalgist,-0.006679559796546884
papeles,-0.006679559796546884
faux,-0.006679559796546884
cambiaron,-0.006679559796546884
canto,-0.006679559796546884
pines,-0.006679559796546884
orbitals,-0.006679559796546884
omnimotion,-0.006679559796546884
outland,-0.006679559796546884
coolin,-0.006679559796546884
jara,-0.006679559796546884
renovations,-0.006679559796546884
cbd,-0.006679559796546884
rattle,-0.006679559796546884
lupe,-0.006679559796546884
persuasion,-0.006679559796546884
fiasco,-0.006679559796546884
boogie,-0.006756616346396812
key,-0.006788611479490903
alphabet,-0.0068057522679541346
imagine,-0.006805819620123326
foolish,-0.006825895784194486
circles,-0.006860312065459332
moment,-0.006860312065459332
ep,-0.006860312065459332
intro,-0.0068821786236172465
gets,-0.006888462657569372
changed,-0.006894547871931181
human,-0.006953371610762015
water,-0.006997152534196419
animal,-0.007036406196253013
latin,-0.007043865565538511
yous,-0.007043865565538511
wolf,-0.007043865565538511
mama,-0.007043865565538511
america,-0.007062198577868211
gravity,-0.0070774202869089455
xica,-0.0070954899874357815
danse,-0.007098358010874518
stubborn,-0.007098358010874518
story,-0.007112549772118618
sound,-0.007174678887384348
loving,-0.00720388643366377
bay,-0.0074156245807339
lazy,-0.007432075140557767
attraction,-0.0074625969875941394
thinking,-0.007468528555576647
fuego,-0.007485541175104037
future,-0.007485541175104037
germain,-0.007565845831388677
carston,-0.0075799011898883585
chapaleuf,-0.0075799011898883585
linda,-0.0075799011898883585
maiden,-0.0075799011898883585
callme,-0.0075799011898883585
carousel,-0.0075799011898883585
hip,-0.0075799011898883585
gravitys,-0.0075799011898883585
fourth,-0.0075799011898883585
flofilz,-0.0075799011898883585
feathered,-0.0075799011898883585
pans,-0.0075799011898883585
osu,-0.0075799011898883585
observers,-0.0075799011898883585
enigma,-0.0075799011898883585
marathon,-0.0075799011898883585
chiara,-0.0075799011898883585
jersey,-0.0075799011898883585
durian,-0.0075799011898883585
endcliffe,-0.0075799011898883585
international,-0.0075799011898883585
qala,-0.0075799011898883585
meloni,-0.0075799011898883585
meditate,-0.0075799011898883585
pots,-0.0075799011898883585
frutiger,-0.0075799011898883585
pamoja,-0.0075799011898883585
hnscc,-0.0075799011898883585
ndaci,-0.0075799011898883585
reminisce,-0.0075799011898883585
madeline,-0.0075799011898883585
essential,-0.0075799011898883585
marmara,-0.0075799011898883585
chuva,-0.0075799011898883585
needed,-0.0076348081189024355
voyage,-0.00766525367275082
summertime,-0.007673554171105806
children,-0.007683434792376903
lights,-0.0076912095538180705
honestly,-0.00781823189399755
thoughts,-0.00783153323607661
need,-0.007869807378941747
symphony,-0.007876030584008863
fun,-0.007890082378092732
midnight,-0.007926831817160033
radio,-0.007937951705961191
gone,-0.007944656691818106
riders,-0.007981709230005568
tomorrow,-0.007996049347199255
stuck,-0.008038568171951537
tell,-0.008060069392196884
solitude,-0.00810320125503142
visions,-0.008110770284748743
velvet,-0.008110770284748743
blood,-0.008124278946157224
safe,-0.008136582495697377
decisions,-0.008214019128543281
hurt,-0.008214019128543281
easier,-0.008234351333147536
dark,-0.008371835531075658
inaudible,-0.008382908378544269
richness,-0.008382908378544269
daydreams,-0.008382908378544269
fred,-0.008382908378544269
fragile,-0.008382908378544269
feely,-0.008382908378544269
luckey,-0.008382908378544269
12345,-0.008382908378544269
mangroves,-0.008382908378544269
hz,-0.008382908378544269
namaste,-0.008382908378544269
delicate,-0.008382908378544269
dies,-0.008382908378544269
discoboiz,-0.008382908378544269
clandestina,-0.008382908378544269
jazzin,-0.008382908378544269
nicos,-0.008382908378544269
neverlasting,-0.008382908378544269
rasta,-0.008382908378544269
emmajean,-0.008382908378544269
kiboko,-0.008382908378544269
hanger,-0.008382908378544269
pages,-0.008382908378544269
outro,-0.008382908378544269
chin,-0.008382908378544269
china,-0.008382908378544269
chinota,-0.008382908378544269
navy,-0.008382908378544269
copy,-0.008382908378544269
regev,-0.008382908378544269
comfort,-0.008382908378544269
cliff,-0.008382908378544269
eriice,-0.008382908378544269
immanent,-0.008382908378544269
ivy,-0.008382908378544269
problem,-0.008382908378544269
nouras,-0.008382908378544269
lilies,-0.008382908378544269
fills,-0.008382908378544269
gap,-0.008382908378544269
farewell,-0.008382908378544269
passing,-0.008382908378544269
paste,-0.008382908378544269
cumbia,-0.00842639251896042
jardin,-0.008454933097397203
trouble,-0.008454933097397203
ends,-0.008454933097397203
bell,-0.008483613331784575
view,-0.008496651489379767
danza,-0.008515387214824926
kuduro,-0.008515387214824926
game,-0.008536061969793675
control,-0.008608920105792055
mister,-0.008615542409966486
outside,-0.008678638925618704
remember,-0.008694141264712763
playground,-0.0087015831131286
private,-0.00877328369909703
losing,-0.008779019745974505
aurora,-0.00880344899354425
livin,-0.008819172074116826
reggae,-0.008819842753308766
fantastic,-0.008830202403736933
turtle,-0.008890872660085255
blanche,-0.008890872660085255
reprise,-0.008890872660085255
smokes,-0.008933893011666312
mountain,-0.008951819174850925
st,-0.008965044625508749
lies,-0.009040009878899588
embrace,-0.009063407184095837
north,-0.00908448487522164
miss,-0.009084911249262207
little,-0.00911100761318798
axel,-0.009161769742682924
rebellion,-0.009210249118371568
olympia,-0.009210249118371568
mirada,-0.009210249118371568
especiale,-0.009210249118371568
chroma,-0.009210249118371568
dublin,-0.009210249118371568
mango,-0.009210249118371568
ireland,-0.009210249118371568
communication,-0.009210249118371568
ritournelle,-0.009210249118371568
fantasia,-0.009210249118371568
express,-0.009210249118371568
foxall,-0.009210249118371568
curse,-0.009210249118371568
nap,-0.009210249118371568
pigs,-0.009210249118371568
lento,-0.009210249118371568
flora,-0.009210249118371568
gossamer,-0.009210249118371568
ephemeral,-0.009210249118371568
mossy,-0.009210249118371568
perspective,-0.009210249118371568
phases,-0.009210249118371568
intergalactic,-0.009210249118371568
duskfall,-0.009210249118371568
incense,-0.009210249118371568
riding,-0.009210249118371568
freedoms,-0.009210249118371568
highlands,-0.009210249118371568
lonesome,-0.009210249118371568
freak,-0.009257979660243613
wide,-0.009278055824314773
awake,-0.009278055824314773
glow,-0.009295386524859254
maneater,-0.009341152339966992
digital,-0.009366964550915628
sera,-0.009366964550915628
natural,-0.009366964550915628
tierra,-0.009447269207200269
azul,-0.009447269207200269
edit,-0.00956924404242182
hallelujah,-0.009681686123786094
dinosaur,-0.00974841166826767
nostalgia,-0.009866000629255895
bird,-0.009880359718792817
tea,-0.009917625051153164
cosmic,-0.009957439100709084
dust,-0.010010276685076811
deep,-0.010016169853938061
ride,-0.010030990261649404
cafe,-0.01009031255240355
elevates,-0.01009031255240355
morenita,-0.01009031255240355
pictures,-0.01009031255240355
ny,-0.01009031255240355
kachel,-0.01009031255240355
flash,-0.01009031255240355
morena,-0.01009031255240355
homesick,-0.01009031255240355
pauli,-0.01009031255240355
pillow,-0.01009031255240355
pirate,-0.01009031255240355
pathways,-0.01009031255240355
homecoming,-0.01009031255240355
pretend,-0.01009031255240355
cruz,-0.01009031255240355
clean,-0.01009031255240355
jitwam,-0.01009031255240355
check,-0.01009031255240355
habituals,-0.01009031255240355
nos,-0.01009031255240355
dumpalltheguns,-0.01009031255240355
olan,-0.01009031255240355
puedo,-0.01009031255240355
eker,-0.01009031255240355
prowlin,-0.01009031255240355
gel,-0.01009031255240355
ones,-0.01009031255240355
orchards,-0.01009031255240355
enchantment,-0.01009031255240355
marmalade,-0.01009031255240355
darlin,-0.01009031255240355
copacabana,-0.01009031255240355
como,-0.01009031255240355
crescent,-0.01009031255240355
danny,-0.01009031255240355
nicola,-0.01009031255240355
precious,-0.01009031255240355
crystalline,-0.01009031255240355
montaa,-0.01009031255240355
mist,-0.01009031255240355
mystique,-0.01009031255240355
portuguese,-0.01009031255240355
poem,-0.01009031255240355
pluto,-0.01009031255240355
jenny,-0.01009031255240355
lighthouse,-0.01009031255240355
invisible,-0.010150079259915078
breathe,-0.010165200749337128
toes,-0.010257643009225062
shaman,-0.010439605317003333
lamour,-0.010439605317003333
liquid,-0.010439605317003333
cielo,-0.010439605317003333
chan,-0.010441950942515809
sunday,-0.01048669358025949
serotonin,-0.010548590207675344
wish,-0.010619965836645333
blue,-0.010640616089554238
rainy,-0.010720671613999574
palm,-0.010720671613999574
hit,-0.010761332302563402
jam,-0.010770829420404407
stories,-0.010789504176529267
collide,-0.010789504176529267
drank,-0.01081220790382149
looping,-0.01081220790382149
lovehate,-0.01081220790382149
lovesick,-0.01081220790382149
limp,-0.01081220790382149
no1,-0.01081220790382149
emerald,-0.01081220790382149
clears,-0.01081220790382149
chillin,-0.01081220790382149
frayed,-0.01081220790382149
emalyne,-0.01081220790382149
hamptons,-0.01081220790382149
pssaro,-0.01081220790382149
cuna,-0.01081220790382149
promises,-0.01081220790382149
grateful,-0.01081220790382149
fond,-0.01081220790382149
crush,-0.010843301101385974
floating,-0.011064402025462794
live,-0.011143765029638791
white,-0.01114896646584247
underwater,-0.011202879640092943
jazzy,-0.011236915832972268
parade,-0.011236915832972268
revenge,-0.011236915832972268
hear,-0.011256798360380014
morning,-0.011355473778937402
grove,-0.011367823988901588
colorful,-0.011367823988901588
peninsula,-0.011367823988901588
charade,-0.011367823988901588
idol,-0.011367823988901588
coat,-0.011367823988901588
hiromasas,-0.011367823988901588
grasshopper,-0.011367823988901588
funk,-0.011367823988901588
cypress,-0.011367823988901588
jeremy,-0.011367823988901588
illusions,-0.011367823988901588
valley,-0.011389252628643674
drifting,-0.011433476452908495
late,-0.01147966448588396
veil,-0.0115093780596523
trip,-0.011538864908537515
warmth,-0.01157867832510848
talk,-0.011582480726939428
dissolve,-0.011612626903446837
sob,-0.011612626903446837
99,-0.011612626903446837
step,-0.011633953681473711
naked,-0.01175257733744315
talks,-0.011808190961811682
luck,-0.011808190961811682
satsuki,-0.011859276919178235
holiday,-0.011859276919178235
grips,-0.011903162114672195
pot,-0.011903162114672195
carioca,-0.011903162114672195
daphne,-0.011903162114672195
yard,-0.011903162114672195
riddle,-0.011903162114672195
paths,-0.011903162114672195
pendulum,-0.011903162114672195
norwegian,-0.011903162114672195
havana,-0.011903162114672195
parisian,-0.011903162114672195
plant,-0.011903162114672195
callen,-0.011903162114672195
build,-0.011933105363510192
light,-0.011967773760042584
sleep,-0.011994242178302498
brooklyn,-0.012184627557131688
past,-0.01222316724808982
til,-0.012226383919336595
salt,-0.012226383919336595
bridges,-0.012232968173062872
moments,-0.012287401433993143
addicted,-0.012346899940113298
rebels,-0.012369785091273454
holy,-0.012385777546238121
cutting,-0.012385777546238121
dinosaurs,-0.012385777546238121
mangrove,-0.012385777546238121
dewlit,-0.012385777546238121
hideaway,-0.012385777546238121
gray,-0.012385777546238121
office,-0.012385777546238121
gbon,-0.012385777546238121
margin,-0.012385777546238121
mato,-0.012385777546238121
flashing,-0.012385777546238121
rakata,-0.012385777546238121
moonglow,-0.012385777546238121
cirrus,-0.012385777546238121
polaroid,-0.012385777546238121
martini,-0.012385777546238121
oakk,-0.012385777546238121
burnt,-0.01249597812257789
soul,-0.012534225160205805
shape,-0.012584886849178741
bedtime,-0.012762704302380447
lomax,-0.012787281140566075
onna,-0.012787281140566075
yujyo,-0.012787281140566075
illusive,-0.012787281140566075
fortune,-0.012787281140566075
llena,-0.012787281140566075
yamo,-0.012787281140566075
daruma,-0.012787281140566075
francisco,-0.012787281140566075
disappear,-0.012787281140566075
rest,-0.012787281140566075
cuban,-0.012787281140566075
nocturnal,-0.012787281140566075
1934,-0.012787281140566075
corazon,-0.012787281140566075
marriage,-0.012787281140566075
nesh,-0.012787281140566075
history,-0.012787281140566075
letter,-0.012801184410405127
agua,-0.012888897333684882
charles,-0.012888897333684882
pajama,-0.012888897333684882
yeah,-0.012891120430268762
paw,-0.013004935424621236
patrol,-0.013004935424621236
twilight,-0.013006486294673106
fried,-0.013020826411866792
carnival,-0.013026562458744267
descend,-0.013050894611589479
papas,-0.013050894611589479
pit,-0.013050894611589479
overlook,-0.013050894611589479
drinking,-0.013050894611589479
kmo,-0.013050894611589479
donut,-0.013050894611589479
elvira,-0.013050894611589479
flly,-0.013050894611589479
formosa,-0.013050894611589479
fritas,-0.013050894611589479
interlude,-0.013093930120485743
fractured,-0.013233396245374913
paranoia,-0.013233396245374913
posh,-0.013233396245374913
revelation,-0.013233396245374913
breaking,-0.013332810619911524
gimme,-0.013347781083882833
pull,-0.013399405505780101
compass,-0.013407786695436552
dulcet,-0.013407786695436552
commit,-0.013407786695436552
onda,-0.013407786695436552
elements,-0.013407786695436552
horizon,-0.013470986595069574
seat,-0.01348257818550348
theme,-0.01352065405894279
girlfriends,-0.013553788002464897
pluie,-0.013553788002464897
reimagined,-0.013553788002464897
heliocentrist,-0.013553788002464897
pine,-0.013553788002464897
querernos,-0.013553788002464897
jours,-0.013553788002464897
quarter,-0.013553788002464897
intellijel,-0.013553788002464897
nutia,-0.013553788002464897
effects,-0.013574354935543069
mykonos,-0.013574354935543069
umoja,-0.013648923544950235
gate,-0.013655177799012362
current,-0.013655177799012362
flow,-0.013655177799012362
road,-0.013671722737441879
dusk,-0.01370752512881471
moonlight,-0.013759472804959233
calamansi,-0.013776845554869318
marabou,-0.013776845554869318
chew,-0.013776845554869318
jenova,-0.013776845554869318
grey,-0.013798060763764568
wanna,-0.01381432625184829
hollow,-0.013884430768864059
el,-0.013892898963931933
star,-0.013893879316441782
perfect,-0.013896523141714363
truth,-0.01391282843588584
calchaqui,-0.013914735678173869
fog,-0.013914735678173869
mounikaremix,-0.013914735678173869
jack,-0.013929471472056313
joanna,-0.014048570209616518
maple,-0.014048570209616518
japur,-0.014048570209616518
eeuwige,-0.014048570209616518
fools,-0.014048570209616518
fungi,-0.014048570209616518
caligraphie,-0.014048570209616518
deus,-0.014048570209616518
darkness,-0.014048570209616518
eoto,-0.014048570209616518
chinoises,-0.014048570209616518
natura,-0.014048570209616518
suns,-0.014097413271527423
fireflies,-0.014159431717045451
great,-0.014164350629507338
internet,-0.014186460332921069
surrender,-0.01421392416238146
tangerine,-0.01421392416238146
david,-0.014257887063766267
phoenix,-0.014340572823673212
keys,-0.014340572823673212
pido,-0.014340572823673212
hoo,-0.014340572823673212
infected,-0.014340572823673212
imaginary,-0.014340572823673212
janfa,-0.014462240579530168
dubble,-0.014462240579530168
geometric,-0.014462240579530168
karaoke,-0.014523074457458648
fig,-0.014523074457458648
psychic,-0.014523074457458648
unconditional,-0.014552350928152446
le,-0.014586629782608496
port,-0.014592019519110922
comeback,-0.014592019519110922
parallels,-0.014592019519110922
northern,-0.014592019519110922
bob,-0.014627917641308165
imagination,-0.014656908988901297
mlancolie,-0.014656908988901297
losin,-0.014656908988901297
ego,-0.014687148029773094
elementarteilchen,-0.014701520499382184
heat,-0.014701520499382184
feelssoright,-0.014729909642415473
demo,-0.014746132009863067
ka,-0.014746132009863067
image,-0.014770465561034458
delivered,-0.014770465561034458
solar,-0.01478179280325142
sour,-0.014816209084516266
maniac,-0.01482318825523914
cupid,-0.01482318825523914
creep,-0.01482318825523914
despicable,-0.01482318825523914
winter,-0.014823991393343765
sister,-0.014836352586885562
da,-0.014866798140733948
cavazza,-0.014892133316891413
nyc,-0.014969189562267485
futures,-0.014969189562267485
redbone,-0.014969189562267485
1940,-0.014969189562267485
lolas,-0.014969189562267485
endless,-0.014976818397085548
state,-0.015033077704059735
flood,-0.015107079685572036
layali,-0.015107079685572036
fighting,-0.015107079685572036
push,-0.015107079685572036
hurry,-0.015107079685572036
fu,-0.015107079685572036
kung,-0.015107079685572036
miro,-0.015107079685572036
pitbull,-0.015107079685572036
caught,-0.015157503873725992
happy,-0.015219214602567642
settle,-0.015309429654375836
balloons,-0.015309429654375836
meet,-0.015391535525805767
1161992,-0.015443693810109613
mtv,-0.015443693810109613
omar,-0.015443693810109613
massane,-0.015443693810109613
dove,-0.015443693810109613
police,-0.015443693810109613
layla,-0.015443693810109613
norse,-0.015443693810109613
justice,-0.015443693810109613
junk,-0.015443693810109613
met,-0.015443693810109613
classic,-0.015443693810109613
inspector,-0.015443693810109613
elephant,-0.015443693810109613
mounika,-0.015443693810109613
flashed,-0.015443693810109613
demons,-0.015443693810109613
following,-0.015443693810109613
hotspot,-0.015443693810109613
gates,-0.015443693810109613
git,-0.015443693810109613
england,-0.015443693810109613
prisoner,-0.015443693810109613
gloves,-0.015443693810109613
lendemain,-0.015443693810109613
hiphop,-0.015443693810109613
pt,-0.015464382381670869
deeper,-0.015464382381670869
gun,-0.015464382381670869
footloose,-0.015466341354979044
netflix,-0.015471915694597035
potato,-0.015522548531314522
dawn,-0.015548879643820861
celebration,-0.015645067858311313
offshore,-0.015685220186453634
daylight,-0.015693844349100237
worry,-0.0157221655061308
house,-0.015868751326752056
blues,-0.015881280928248382
set,-0.015943502126476335
vibes,-0.01603839993540094
bleu,-0.016078139397560625
lune,-0.016078139397560625
buho,-0.016078139397560625
freefall,-0.01612689579601916
bosque,-0.01612689579601916
12,-0.01612689579601916
eyeliner,-0.01612689579601916
watch,-0.01612689579601916
tropical,-0.01612689579601916
rays,-0.016133801573962846
speak,-0.016351604382262824
games,-0.016456718491473933
hello,-0.016494464288782165
mose,-0.016560039327840222
confused,-0.016617327804043215
dazed,-0.016617327804043215
apple,-0.016769333046296284
trails,-0.016769333046296284
home,-0.01677102069992827
distant,-0.016798013280683657
reverie,-0.016880888626088577
luna,-0.017079955708943394
moon,-0.01711878121258314
neverender,-0.017167988304280755
les,-0.017286048688840146
fool,-0.01742953014987273
don,-0.017430974410494668
yuzu,-0.01743758250752205
type,-0.01743758250752205
woods,-0.01743758250752205
eclipse,-0.017454790648154472
forest,-0.017603716584849598
moi,-0.017642027472298174
unwritten,-0.01766702438262102
place,-0.01780844288262219
swing,-0.017839594048880768
bloom,-0.017963755037375816
leroy,-0.0179784387237962
leaf,-0.0179784387237962
lofi,-0.0179784387237962
longer,-0.0179784387237962
calf,-0.0179784387237962
forgiven,-0.0179784387237962
lid,-0.0179784387237962
locket,-0.0179784387237962
ford,-0.0179784387237962
flames,-0.0179784387237962
pepper,-0.0179784387237962
motorcycle,-0.0179784387237962
flip,-0.0179784387237962
il,-0.0179784387237962
month,-0.0179784387237962
moods,-0.0179784387237962
morris,-0.0179784387237962
demon,-0.0179784387237962
killed,-0.0179784387237962
kolkata,-0.0179784387237962
koresma,-0.0179784387237962
lace,-0.0179784387237962
lacey,-0.0179784387237962
lakshmi,-0.0179784387237962
robots,-0.0179784387237962
lala,-0.0179784387237962
lambert,-0.0179784387237962
lemon,-0.0179784387237962
lebanese,-0.0179784387237962
mission,-0.0179784387237962
mmmbop,-0.0179784387237962
modern,-0.0179784387237962
reflections,-0.0179784387237962
moves,-0.0179784387237962
mumma,-0.0179784387237962
mundi,-0.0179784387237962
lone,-0.0179784387237962
laws,-0.0179784387237962
form,-0.0179784387237962
filatelie,-0.0179784387237962
loeffler,-0.0179784387237962
ribbit,-0.0179784387237962
revision,-0.0179784387237962
host,-0.0179784387237962
dig,-0.0179784387237962
restless,-0.0179784387237962
momentology,-0.0179784387237962
crave,-0.0179784387237962
diaries,-0.0179784387237962
indignant,-0.0179784387237962
deca,-0.0179784387237962
deelahli,-0.0179784387237962
damaged,-0.0179784387237962
holocene,-0.0179784387237962
death,-0.0179784387237962
complex,-0.0179784387237962
resonance,-0.0179784387237962
complicated,-0.0179784387237962
conticinio,-0.0179784387237962
shoop,-0.0179784387237962
grauer,-0.0179784387237962
drums,-0.0179784387237962
drunk,-0.0179784387237962
hawa,-0.0179784387237962
heard,-0.0179784387237962
heartbeats,-0.0179784387237962
heights,-0.0179784387237962
nantes,-0.0179784387237962
naturaleza,-0.0179784387237962
nature,-0.0179784387237962
necessities,-0.0179784387237962
remain,-0.0179784387237962
creeper,-0.0179784387237962
dnya,-0.0179784387237962
harlem,-0.0179784387237962
courtney,-0.0179784387237962
coumba,-0.0179784387237962
hue,-0.0179784387237962
hush,-0.0179784387237962
hymnal,-0.0179784387237962
cunumicita,-0.0179784387237962
cmo,-0.0179784387237962
coda,-0.0179784387237962
coin,-0.0179784387237962
miniyamba,-0.0179784387237962
mirando,-0.0179784387237962
misread,-0.0179784387237962
dvila,-0.0179784387237962
hypotheticals,-0.0179784387237962
easliy,-0.0179784387237962
gomez,-0.0179784387237962
quiaca,-0.0179784387237962
emily,-0.0179784387237962
no5,-0.0179784387237962
hamburg,-0.0179784387237962
hammerman,-0.0179784387237962
ragged,-0.0179784387237962
handsome,-0.0179784387237962
hansi,-0.0179784387237962
dope,-0.0179784387237962
hifi,-0.0179784387237962
horizonte,-0.0179784387237962
flume,-0.0179784387237962
level,-0.0179784387237962
lick,-0.0179784387237962
raoui,-0.0179784387237962
ducks,-0.0179784387237962
duat,-0.0179784387237962
nmi,-0.0179784387237962
nissim,-0.0179784387237962
rashid,-0.0179784387237962
italy,-0.0179784387237962
island,-0.0179784387237962
claudi,-0.0179784387237962
medley,-0.0179784387237962
melodies,-0.0179784387237962
itzehoe,-0.0179784387237962
micro,-0.0179784387237962
iories,-0.0179784387237962
introlude,-0.0179784387237962
claras,-0.0179784387237962
quattendez,-0.0179784387237962
nosa,-0.0179784387237962
notion,-0.0179784387237962
nuevo,-0.0179784387237962
nuits,-0.0179784387237962
grace,-0.0179784387237962
guitar,-0.0179784387237962
ha,-0.0179784387237962
hadnt,-0.0179784387237962
norgaard,-0.0179784387237962
dunham,-0.0179784387237962
instant,-0.0179784387237962
chucum,-0.0179784387237962
elevation,-0.0179784387237962
pup,-0.0179784387237962
quartet,-0.0179784387237962
postcards,-0.0179784387237962
prepare,-0.0179784387237962
obscurity,-0.0179784387237962
oceansplash,-0.0179784387237962
glasses,-0.0179784387237962
gnossienne,-0.0179784387237962
goca,-0.0179784387237962
greenland,-0.0179784387237962
oblivion,-0.0179784387237962
christian,-0.0179784387237962
master,-0.0179784387237962
jammin,-0.0179784387237962
jamming,-0.0179784387237962
mariners,-0.0179784387237962
cheer,-0.0179784387237962
child,-0.0179784387237962
joeira,-0.0179784387237962
jolene,-0.0179784387237962
machine,-0.0179784387237962
macro,-0.0179784387237962
pamart,-0.0179784387237962
pan,-0.0179784387237962
ezra,-0.0179784387237962
faidherbe,-0.0179784387237962
fame,-0.0179784387237962
overnight,-0.0179784387237962
owl,-0.0179784387237962
durmiendo,-0.0179784387237962
emoticon,-0.0179784387237962
orchids,-0.0179784387237962
oro,-0.0179784387237962
ernie,-0.0179784387237962
george,-0.0179784387237962
gentle,-0.0179784387237962
gave,-0.0179784387237962
popcorn,-0.0179784387237962
pomelo,-0.0179784387237962
kissing,-0.0179784387237962
caravan,-0.0179784387237962
cancin,-0.0179784387237962
called,-0.0179784387237962
kingdom,-0.0179784387237962
cards,-0.0179784387237962
carssoundtrack,-0.0179784387237962
cassy,-0.0179784387237962
known,-0.0179784387237962
kojak,-0.0179784387237962
canope,-0.0179784387237962
mainradio,-0.0179784387237962
malice,-0.0179784387237962
passengers,-0.0179784387237962
paspatou,-0.0179784387237962
farm,-0.0179784387237962
farrah,-0.0179784387237962
fawcett,-0.0179784387237962
pill,-0.0179784387237962
ganze,-0.0179784387237962
paaya,-0.0179784387237962
pachamama,-0.0179784387237962
pacific,-0.0179784387237962
pains,-0.0179784387237962
catbird,-0.0179784387237962
catedral,-0.0179784387237962
machi,-0.0179784387237962
fontanel,-0.0179784387237962
pelo,-0.0179784387237962
fink,-0.0179784387237962
pastis,-0.0179784387237962
pescador,-0.0179784387237962
peter,-0.0179784387237962
paulo,-0.0179784387237962
pearl,-0.0179784387237962
fresh,-0.0179784387237962
feedback,-0.0179784387237962
playa,-0.0179784387237962
jeeper,-0.0179784387237962
joue,-0.0179784387237962
jt,-0.0179784387237962
phantom,-0.0179784387237962
fidaa,-0.0179784387237962
kepesh,-0.0179784387237962
kelly,-0.0179784387237962
choristes,-0.0179784387237962
kerosene,-0.0179784387237962
2003,-0.0179784387237962
1964,-0.0179784387237962
youthatineed,-0.0179784387237962
yr,-0.0179784387237962
lintroduction,-0.0179784387237962
yma,-0.0179784387237962
ylang,-0.0179784387237962
year,-0.0179784387237962
lemuria,-0.0179784387237962
yazmin,-0.0179784387237962
yawn,-0.0179784387237962
10aug,-0.0179784387237962
square,-0.018074283710921703
sky,-0.018088077822603042
studios,-0.018136182230914254
mean,-0.018266441281317092
paper,-0.01832866565777292
series,-0.018337730767178657
acid,-0.018454689563481962
broken,-0.01846639939188519
instrumental,-0.018480451185969058
mix,-0.01858768519002651
julie,-0.018791289570606
bo,-0.01884004596906453
twin,-0.01890027446127801
mind,-0.01894234103816114
boo,-0.019223399386894664
shadow,-0.019227229133294048
ready,-0.01923050866040792
hope,-0.01925798379194317
afternoon,-0.019339082047404796
fleur,-0.019405527629823796
river,-0.01972461691479849
stomp,-0.019849590219500016
planet,-0.019849590219500016
abc,-0.019849590219500016
songs,-0.019909530086309676
touch,-0.02003590608378076
park,-0.020083615039950525
amusement,-0.02013926058681247
holding,-0.02015625837110331
mar,-0.020360098391595235
raindrops,-0.020360098391595235
hour,-0.020360098391595235
jazz,-0.02057560868798686
houdini,-0.02058954026669421
gotta,-0.020687767071731984
storm,-0.02075301760270223
video,-0.02075301760270223
sorry,-0.020925959943627125
rework,-0.021013721221655467
chambers,-0.021131596696615535
wood,-0.021131596696615535
isaac,-0.021131596696615535
passenger,-0.021472891485825256
skies,-0.021481715592055296
left,-0.021546084261933253
smoke,-0.021713427785085046
return,-0.02175682580626024
aguas,-0.02180604245248484
cream,-0.02194324732977816
opening,-0.02198871577557514
soft,-0.022419958113696778
bottle,-0.023009812812336328
point,-0.023033096236498282
das,-0.02311053286934419
jo,-0.023142081127170297
dreaming,-0.023158297456263105
baian,-0.023397335213217907
silver,-0.023604076381396454
vs,-0.023635381158633093
mirrors,-0.023774932511593228
kisses,-0.02461874323493939
earth,-0.025176289010253795
buttercup,-0.02542789580784383
arms,-0.02542789580784383
flore,-0.02542789580784383
creatures,-0.02542789580784383
brighter,-0.02542789580784383
medicine,-0.02542789580784383
shooting,-0.02542789580784383
august,-0.02542789580784383
changer,-0.02542789580784383
martin,-0.02542789580784383
pego,-0.02542789580784383
eu,-0.02542789580784383
frogsoundtrack,-0.02542789580784383
fruit,-0.02542789580784383
eyes,-0.026664830523398336
caf,-0.027998071278689644
jungle,-0.02809453242144184
drum,-0.02922773169444859
walking,-0.02927606433714483
ai,-0.02940806305185825
lonely,-0.029588106199664232
princess,-0.030766843813313377
rerecorded,-0.03114580158689678
message,-0.03114580158689678
dub,-0.033220273297729586
strangers,-0.03466854388648951
