word,spearman_corr
2009,0.07358325510999807
feat,0.0732310628994168
remastered,0.0715492659513221
remaster,0.0627100493300032
ti,0.05503522169272909
mamma,0.05315631408286823
mia,0.05315631408286823
man,0.04947385099987159
en,0.04583260332006971
feeling,0.04494143752720783
vida,0.04394648342318156
2011,0.043357831903219055
por,0.04264369918417772
picture,0.040409562028422816
good,0.04037661557084874
te,0.03958816378087388
california,0.038565052896128785
justin,0.03852892033260415
motion,0.03824501412005557
tu,0.038033035743154794
care,0.037483818768663406
sin,0.037319820313201225
bieber,0.03706367894535117
wait,0.03692777774996937
daddy,0.036128943442717165
yo,0.036060910536068025
highway,0.03603883092556224
primera,0.035854187855579304
fila,0.035854187855579304
hecho,0.035854187855579304
realidad,0.035854187855579304
haash,0.035854187855579304
vivo,0.03510167412409424
music,0.034705260217081174
party,0.03449591618219968
king,0.03403878368989153
soundtrack,0.03308969457265325
team,0.032544109802667934
cuando,0.0325094219857817
todo,0.03214173112678759
shes,0.03210815646601305
dream,0.03208851954979349
young,0.03208302414512253
mientes,0.032027261331063005
ive,0.032015692023361915
nadie,0.03128494204969752
joy,0.03112243765293958
winner,0.03108028393006872
ronan,0.031024540249517455
takes,0.030979400582751684
saturday,0.030896734967769283
edition,0.0305079349514458
money,0.03047567323566014
wet,0.030369183683900847
voy,0.030317758514506337
shark,0.030254272435253794
chihiro,0.030167994345960677
hurts,0.02993211719113426
records,0.02981070983203243
rock,0.029538767265447994
send,0.029359768212511343
malone,0.029030233952092085
post,0.029030233952092085
life,0.02893668662996789
sexy,0.028798351076605683
baby,0.028617090044169416
perdn,0.028482287306833217
dirty,0.028450947410091923
devil,0.02838157177631945
suerte,0.028242820508774497
rich,0.028145694621493036
amarte,0.028145694621493036
hands,0.0279400939332781
llegaste,0.02789760595588565
sounds,0.02783529025571005
tiger,0.027833504269516897
2005,0.027770142023708286
taylors,0.027722503255480938
going,0.027690421784765457
seen,0.027614232872575115
flute,0.027554255195375434
caroline,0.027465813410522778
pueda,0.02737215630492994
gustas,0.027361749959864068
proud,0.027288905544402973
2014,0.027123574861335334
jump,0.02698365275580408
riptide,0.026848370269947755
praise,0.026609024333432717
amo,0.02644168459723754
chain,0.026376615960294926
girls,0.026321586806504104
ill,0.02624842476341437
walls,0.02621831083059793
weekend,0.026155598882795013
box,0.0260366753548098
knew,0.025762641601408526
single,0.02575895883409411
stick,0.02572795378452229
2013,0.0257277948507516
aint,0.025696777099206026
quisiera,0.02561001520710908
forget,0.0255976284463796
son,0.025429638559300645
original,0.02537111833007934
friday,0.025260518825727305
slo,0.025096635517192767
mano,0.025079291608749648
number,0.025079291608749648
talking,0.025061947700306533
bruno,0.024991068665573067
trolls,0.024838471583628917
world,0.02483159209705015
born,0.024806729908292764
bring,0.02477403882015076
dreamin,0.024685514865016085
fin,0.024611006080785446
noticed,0.024505916212185397
billie,0.02445891231892299
holdin,0.024407814065619402
dracula,0.024407814065619402
duele,0.024343909890761413
middle,0.024311620663962485
rising,0.024309222073875175
ho,0.02428494060205481
bye,0.024268628635478552
mystical,0.02424104041645721
nomcebo,0.024180877151396097
jerusalema,0.024180877151396097
zikode,0.024180877151396097
nothings,0.024128222947906317
church,0.024128222947906317
exes,0.024128222947906317
pony,0.024128222947906317
american,0.024104563954246375
stumblin,0.024066407355671515
shoes,0.024049063447228396
roll,0.023999150590683797
morgan,0.023990879942713927
ms,0.023920731271951903
hotline,0.02383882161553664
plastic,0.02383882161553664
judas,0.02383882161553664
fortnight,0.02383882161553664
tibetan,0.02381309506255768
rose,0.023803199606941584
yankee,0.023662237751717847
guess,0.023662237751717847
dreamz,0.023662237751717847
reaper,0.023662237751717847
jones,0.023662237751717847
oye,0.023662237751717847
eilish,0.023662237751717847
2006,0.02363280964459355
vivir,0.02363280964459355
delilah,0.023397361955989657
galway,0.023397361955989657
dynamite,0.023397361955989657
emotions,0.023397361955989657
dueles,0.023397361955989657
riddance,0.023397361955989657
dry,0.023397361955989657
cecilia,0.023334494419371906
persona,0.02333102563768328
lines,0.023199211933515578
hard,0.0231740152009529
help,0.023147565060267203
grenade,0.02310796062361998
idgaf,0.02310796062361998
rasputin,0.02310796062361998
enamoro,0.02310796062361998
green,0.023026742453554096
beast,0.02300496015895265
thats,0.022997140986808738
boat,0.022989676443672592
fine,0.022900896708293938
handle,0.022900896708293938
mrs,0.022880084018162192
rayando,0.022862705257204994
coastline,0.022862705257204994
doin,0.022862705257204994
eileen,0.022862705257204994
cambi,0.022862705257204994
habits,0.022862705257204994
muelle,0.022862705257204994
latto,0.022862705257204994
frozensoundtrack,0.022781198087224626
conversation,0.022723988842174126
wishing,0.022623394173204036
healing,0.02261222089305101
ortiz,0.02258801924682021
corre,0.02258801924682021
lloro,0.02258801924682021
enter,0.02258801924682021
dejara,0.02258801924682021
lived,0.02258801924682021
pyro,0.02258801924682021
honeypie,0.02258801924682021
guerra,0.02258801924682021
fuentes,0.02258801924682021
fourfiveseconds,0.02258801924682021
honey,0.022548625271847804
georgia,0.022352829201491384
greedy,0.022352829201491384
olvido,0.022238359405766805
candy,0.022221015497323682
door,0.022184389262513596
logical,0.02218089533857133
count,0.02218089533857133
noviembre,0.02218089533857133
est,0.02218089533857133
pina,0.02218089533857133
janes,0.02218089533857133
inolvidable,0.02218089533857133
mistakes,0.02218089533857133
idea,0.02218089533857133
bzrp,0.02218089533857133
mala,0.02218089533857133
jesse,0.02218089533857133
limn,0.02218089533857133
1994,0.02218089533857133
diner,0.02218089533857133
dnde,0.02218089533857133
doja,0.02218089533857133
megan,0.02218089533857133
happier,0.02218089533857133
esper,0.02218089533857133
niego,0.02218089533857133
ozuna,0.02218089533857133
pavements,0.02218089533857133
oriley,0.02218089533857133
robarte,0.02218089533857133
disfruto,0.02218089533857133
mary,0.022052621094164362
feelings,0.022023184834497764
miles,0.022009419814317636
lifetime,0.02196911684372516
chameleon,0.021959399293036592
yellow,0.02189830354807107
intentions,0.02186148063433094
whats,0.02182201504988945
love,0.02182051225456402
skidamarink,0.021815168039754706
goode,0.021763961215665855
johnny,0.021763961215665855
jamboo,0.021763961215665855
drugs,0.021763961215665855
emotion,0.021763961215665855
chiquitita,0.021763961215665855
deluxe,0.021763961215665855
joker,0.021763961215665855
1983,0.021763961215665855
jets,0.021763961215665855
coco,0.021763961215665855
eden,0.021763961215665855
lion,0.021700698244030127
apt,0.021686823117275628
pie,0.02168303112928263
clocks,0.02159663479337141
hell,0.02137711769205696
mario,0.02137645773673018
damn,0.02137645773673018
mariposa,0.02137645773673018
destino,0.02137645773673018
jessies,0.02137645773673018
jah,0.02137645773673018
hay,0.02137645773673018
dayo,0.02137645773673018
graduate,0.02137645773673018
exs,0.02137645773673018
oddity,0.02137645773673018
existed,0.02137645773673018
casualidad,0.02137645773673018
forgot,0.02137645773673018
llorar,0.02137645773673018
parado,0.02137645773673018
remasterizado,0.02137645773673018
domm,0.02137645773673018
2004,0.021355567316380514
vie,0.02126016296957491
dance,0.02123488321551543
2015,0.021108107643535563
cool,0.02110290852717556
piano,0.021062897528290332
teri,0.021027754596437118
chasing,0.02095464922488647
quererte,0.0209497133991681
canciones,0.0209497133991681
habit,0.0209497133991681
coleccionista,0.0209497133991681
collins,0.0209497133991681
kunta,0.0209497133991681
cardi,0.0209497133991681
duke,0.0209497133991681
ecos,0.0209497133991681
loser,0.0209497133991681
paws,0.0209497133991681
disease,0.0209497133991681
1035,0.0209497133991681
sean,0.02088206576551492
believer,0.020868190638760425
amar,0.020796448667693417
look,0.02076197831564111
theres,0.02070515789939511
linger,0.020656594955754375
la,0.02059884156183899
que,0.020575157213402626
kingston,0.020567115027560725
princes,0.020567115027560725
grande,0.020567115027560725
qu,0.020567115027560725
rainbowwhat,0.020567115027560725
ed,0.020567115027560725
encontr,0.020567115027560725
diane,0.020567115027560725
dreamworks,0.020567115027560725
juke,0.020567115027560725
knife,0.020567115027560725
kokomo,0.020567115027560725
dead,0.020524525612381706
dan,0.020493562216389063
tainted,0.020384387076956882
clap,0.02035134216715549
eye,0.02026393268437465
para,0.020261153843251275
fever,0.020233387754290892
demi,0.020145275797326948
despacito,0.020145275797326948
closing,0.020145275797326948
lightenup,0.020145275797326948
leven,0.020145275797326948
lovato,0.020145275797326948
laxed,0.020145275797326948
perch,0.020145275797326948
ft,0.020145275797326948
crashes,0.020145275797326948
cave,0.020145275797326948
jerk,0.020145275797326948
nokia,0.020145275797326948
medusa,0.020145275797326948
hakuna,0.020145275797326948
1978,0.020145275797326948
chunky,0.020145275797326948
matata,0.020145275797326948
mercy,0.020145275797326948
ca,0.020145275797326948
ex,0.020145275797326948
kali,0.020145275797326948
doy,0.020145275797326948
motto,0.020145275797326948
woman,0.020107418433094135
spotify,0.020073839632065587
lay,0.019980679501758285
samba,0.019864695605968336
lover,0.01972445205183937
hey,0.01971895133236472
conor,0.019708721245108272
kilmetros,0.019708721245108272
goodie,0.019708721245108272
fingers,0.019708721245108272
feldt,0.019708721245108272
maynard,0.019708721245108272
centerfold,0.019708721245108272
grass,0.019708721245108272
mirror,0.019708721245108272
jude,0.019708721245108272
manos,0.019708721245108272
khalid,0.019708721245108272
creo,0.019708721245108272
non,0.019588210195658262
insanity,0.01952577212526304
virtual,0.01952577212526304
birthday,0.019488936206444273
magician,0.019439052583047445
ladies,0.019359270604209097
heart,0.019344559381472046
cover,0.019281976907546194
jxl,0.019281976907546194
caplen,0.019281976907546194
guas,0.019281976907546194
maro,0.019281976907546194
pnau,0.019281976907546194
macklemore,0.019281976907546194
chawki,0.019281976907546194
elastic,0.019281976907546194
labios,0.019281976907546194
robbers,0.019281976907546194
compartidos,0.019281976907546194
iko,0.019281976907546194
unforgettable,0.019247053758781902
york,0.019144206139514428
die,0.019123446491207705
follow,0.019060492969054415
big,0.019040520905556912
change,0.019029736343789842
dancer,0.018991215221598513
speed,0.01898811096352636
tiny,0.018918735329753883
smile,0.018903575773306567
burn,0.018892528112216242
bien,0.01887806698245074
fake,0.018870172386113153
nikko,0.01886736755953577
peaches,0.018757130423418127
julio,0.018757130423418127
dices,0.018757130423418127
grief,0.018757130423418127
rien,0.018757130423418127
ne,0.018757130423418127
heavens,0.018757130423418127
jeremih,0.018757130423418127
jamy,0.018757130423418127
carpet,0.018757130423418127
regrette,0.018757130423418127
levi,0.018757130423418127
padam,0.018757130423418127
ontario,0.018757130423418127
kasam,0.018757130423418127
kings,0.018757130423418127
latch,0.018757130423418127
kaiju,0.018757130423418127
crystalised,0.018757130423418127
ralphsoundtrack,0.018757130423418127
enamor,0.018757130423418127
hooked,0.018757130423418127
ending,0.018757130423418127
harper,0.018757130423418127
hills,0.018757130423418127
jailhouse,0.018757130423418127
nox,0.018757130423418127
candle,0.018757130423418127
opendoors,0.018757130423418127
messy,0.018735776159191204
sexual,0.01856145081582564
stone,0.018557982034137013
want,0.018545664810385987
stressed,0.018544106907382518
borderline,0.018474731273610046
version,0.018413584735391186
hymn,0.0183949492947717
bridge,0.018380049101042358
supernatural,0.018297823407490234
power,0.018251904368603255
longview,0.018251904368603255
longest,0.018251904368603255
lisa,0.018251904368603255
jacket,0.018251904368603255
fat,0.018251904368603255
gorilla,0.018251904368603255
heres,0.018251904368603255
cradle,0.018251904368603255
tear,0.018141728231502164
slippery,0.018134790668124918
lovin,0.018038864105287197
shining,0.01801696217272492
bag,0.017985633055514094
seeb,0.01789544473160988
clearly,0.017873275823092543
way,0.017772121756526253
llor,0.017756488528444983
yebbas,0.017756488528444983
baa,0.017756488528444983
estrategia,0.017756488528444983
estoy,0.017756488528444983
firebird,0.017756488528444983
makeba,0.017756488528444983
depressed,0.017756488528444983
pass,0.017756488528444983
foot,0.017756488528444983
pela,0.017756488528444983
fondo,0.017756488528444983
ipanema,0.017756488528444983
janeiro,0.017756488528444983
olhos,0.017756488528444983
heartbreak,0.017756488528444983
capsize,0.017756488528444983
daydreaming,0.017756488528444983
gua,0.017756488528444983
ro,0.017756488528444983
dutchie,0.017756488528444983
kahani,0.017756488528444983
kinda,0.017756488528444983
youve,0.01773483381626204
paradise,0.017682927054101537
shine,0.017649505808825613
crocodile,0.017565910471190625
row,0.017500781605178702
built,0.017500003619106773
mystery,0.017500003619106773
chris,0.017399408950136686
va,0.01735775503073076
west,0.017352089967078432
energy,0.017212021615003716
clever,0.017212021615003716
helplessly,0.017212021615003716
hoping,0.017212021615003716
digas,0.017212021615003716
olvid,0.017212021615003716
caminar,0.017212021615003716
older,0.017212021615003716
mess,0.017212021615003716
fonseca,0.017212021615003716
favorita,0.017212021615003716
pinball,0.017212021615003716
1995,0.017212021615003716
feelslikeimfallinginlove,0.017212021615003716
coldplay,0.017212021615003716
carlos,0.017212021615003716
jim,0.017212021615003716
juliander,0.017212021615003716
rivera,0.017212021615003716
lovelies,0.017212021615003716
business,0.017212021615003716
infinity,0.017212021615003716
rida,0.017170469358687518
flo,0.017170469358687518
flame,0.017082999443592886
beautiful,0.016987896310227218
friend,0.016897553452786353
seventeen,0.01676462190111854
mad,0.016724687059923592
mexe,0.016721510882173742
waka,0.016721510882173742
kmix,0.016721510882173742
quizs,0.016721510882173742
perm,0.016721510882173742
james,0.016721510882173742
missin,0.016721510882173742
olvidarte,0.016721510882173742
cambiaste,0.016721510882173742
ganja,0.016721510882173742
rewrite,0.016721510882173742
remind,0.016721510882173742
formations,0.016721510882173742
feel,0.016597723931592263
oh,0.01655976502901426
azizam,0.016539151091358
bass,0.01649405692940589
years,0.01649405692940589
pride,0.016351836880172315
anxiety,0.016334492971729196
time,0.01630239270081683
fuck,0.016250620578656973
mein,0.016250620578656973
kehna,0.016250620578656973
cudi,0.016250620578656973
marley,0.016250620578656973
jade,0.016250620578656973
philharmonic,0.016250620578656973
damian,0.016250620578656973
ja,0.016250620578656973
glory,0.016250620578656973
grandmas,0.016250620578656973
enamorar,0.016250620578656973
mother,0.016250620578656973
crucify,0.016250620578656973
problemz,0.016250620578656973
ralph,0.016250620578656973
liquor,0.016250620578656973
fireball,0.016250620578656973
excited,0.016250620578656973
llevo,0.016250620578656973
17,0.016250620578656973
perfecta,0.016250620578656973
jordan,0.016250620578656973
movie,0.016250620578656973
dano,0.016250620578656973
rockabye,0.016250620578656973
darling,0.016250620578656973
ishk,0.016250620578656973
brother,0.016241737491222288
remix,0.01616574509244009
ode,0.01616105388729801
ventura,0.015956395767669208
kind,0.01594598942260334
just,0.015942259084779028
beauty,0.015904364042339855
triste,0.01587314500714224
damour,0.015782956683238022
roman,0.015782956683238022
fearless,0.015779730275140198
lately,0.015779730275140198
lullaby,0.015779730275140198
fighter,0.015779730275140198
equivocado,0.015779730275140198
riverside,0.015779730275140198
kalabancoro,0.015779730275140198
entra,0.015779730275140198
hypnotized,0.015779730275140198
correcta,0.015779730275140198
djate,0.015779730275140198
momento,0.015779730275140198
icky,0.015779730275140198
natalie,0.015779730275140198
nile,0.015779730275140198
robinson,0.0157066434860883
doesnt,0.015678063657815725
cowboy,0.015658080542447567
freeze,0.015580845146919382
colada,0.01547423511295051
baba,0.01547423511295051
beach,0.01547128855745435
japan,0.01540330807067785
amor,0.015378531363168387
easy,0.015318792233816037
ceiling,0.015307733591896569
meri,0.015307733591896569
started,0.015301170080512705
duh,0.015294124649638524
kong,0.015294124649638524
maria,0.015294124649638524
paul,0.015294124649638524
carol,0.015294124649638524
league,0.015294124649638524
evolution,0.015294124649638524
carolina,0.015294124649638524
eso,0.015294124649638524
elley,0.015294124649638524
ests,0.015294124649638524
cissy,0.015294124649638524
standing,0.015227691097455706
stayin,0.015057739187885886
alive,0.015035791877700634
didnt,0.014987148953319242
falls,0.014922698824459332
cinderella,0.014922698824459332
mona,0.014919230042770711
2001,0.01483597928224374
1975,0.014808058779216721
monkey,0.014791481196226508
secrets,0.01478741633860301
rahsaan,0.014759467950853856
quelquun,0.014759467950853856
clinton,0.014759467950853856
primrose,0.014759467950853856
potion,0.014759467950853856
pyaar,0.014759467950853856
later,0.014759467950853856
drown,0.014759467950853856
panic,0.014759467950853856
oyster,0.014759467950853856
cyrus,0.014759467950853856
peekaboo,0.014759467950853856
ilovemakonnen,0.014759467950853856
ina,0.014759467950853856
moana,0.014759467950853856
meditation,0.014759467950853856
narcissist,0.014759467950853856
naisha,0.014759467950853856
guest,0.014759467950853856
miley,0.014759467950853856
kane,0.014759467950853856
mahal,0.014759467950853856
dit,0.014759467950853856
true,0.01474595244943613
nada,0.014689510050484616
toxic,0.014641357009439832
open,0.014577637554557401
robin,0.014435158690674485
sign,0.014324760638145535
lo,0.014284457999343214
itsy,0.014239348831800459
mistake,0.014239348831800459
spider,0.014239348831800459
bitsy,0.014239348831800459
merrily,0.014234621466725788
finishing,0.014234621466725788
rigoletto,0.014234621466725788
pelota,0.014234621466725788
pata,0.014234621466725788
general,0.014234621466725788
15x,0.014234621466725788
hasta,0.014234621466725788
confident,0.014234621466725788
pencil,0.014234621466725788
donna,0.014234621466725788
cooler,0.014234621466725788
lead,0.014234621466725788
mobile,0.014234621466725788
sex,0.014208850970732849
featuring,0.014190785888159725
drive,0.014182520706920394
start,0.014128249040126396
sunset,0.014127717409716075
avicii,0.014086722437501012
tibet,0.013984209625769869
makes,0.01388206431787221
bittersweet,0.013868448687692532
wing,0.013854314064363221
coconut,0.013762957215275979
ring,0.013740611888719797
69,0.01363924959966855
cardin,0.01362638815801662
canyon,0.01362638815801662
guetta,0.01362638815801662
cancion,0.01362638815801662
kidron,0.01362638815801662
oficial,0.01362638815801662
outnumbered,0.01362638815801662
okay,0.01362638815801662
pays,0.01362638815801662
drivin,0.01362638815801662
drops,0.01362638815801662
francia,0.01362638815801662
mundial,0.01362638815801662
heartless,0.01362638815801662
detective,0.01362638815801662
petit,0.01362638815801662
lugar,0.01362638815801662
pokmon,0.01362638815801662
pikachu,0.01362638815801662
favorito,0.01362638815801662
divine,0.01362638815801662
chica,0.01362638815801662
charlotte,0.01362638815801662
ilan,0.01362638815801662
copa,0.01362638815801662
collett,0.01362638815801662
devulveme,0.01362638815801662
1000000,0.01362638815801662
angels,0.01358765517010696
stop,0.013526698471971542
hes,0.013503967113812224
greatest,0.013503967113812224
magic,0.013427828494128463
jean,0.013219527015345076
breakfast,0.013205651888590584
belong,0.013180221145541963
klub,0.013145780205225433
believin,0.013143213818195356
plage,0.013131617546094616
eternal,0.013012651209395742
luz,0.012990170847573316
freedom,0.012851381200145265
manila,0.012851381200145265
pharrell,0.012851381200145265
fireworks,0.012851381200145265
jorja,0.012851381200145265
preacher,0.012851381200145265
june,0.012851381200145265
em,0.012851381200145265
reality,0.012851381200145265
kena,0.012851381200145265
lighter,0.012851381200145265
karibu,0.012851381200145265
dolor,0.012851381200145265
flashback,0.012851381200145265
lebanon,0.012851381200145265
zoom,0.012851381200145265
moonlit,0.012851381200145265
chambao,0.012851381200145265
ceelo,0.012851381200145265
congratulations,0.012851381200145265
mabel,0.012851381200145265
quise,0.012851381200145265
djame,0.012851381200145265
cruel,0.012851381200145265
knocks,0.012851381200145265
frogs,0.012851381200145265
olvidar,0.012851381200145265
gracias,0.012851381200145265
fully,0.012851381200145265
gloria,0.012851381200145265
loco,0.012851381200145265
pleaser,0.012851381200145265
puro,0.012851381200145265
iii,0.012817148339464722
new,0.012795102415877517
bad,0.012780764817487354
cest,0.012761647832446743
comes,0.012686015538549358
wonderful,0.01265477774378959
drift,0.012620621346655314
sugar,0.012609484219341775
glynne,0.012595146311392804
jess,0.012595146311392804
una,0.012581271184638308
sit,0.012574333621261062
satellite,0.012532708240997576
flowers,0.012429699062329281
youre,0.01234766061899919
people,0.012248368128639319
prayer,0.012245035084505399
mi,0.012182435980776861
seven,0.012179886852503635
milk,0.012140140637541806
greenlight,0.012140140637541806
lock,0.012140140637541806
controlla,0.012140140637541806
jasmine,0.012140140637541806
mul,0.012140140637541806
qaafirana,0.012140140637541806
lunchmoney,0.012140140637541806
imperfection,0.012140140637541806
mistress,0.012140140637541806
disneys,0.012140140637541806
religious,0.012140140637541806
minds,0.012140140637541806
mantra,0.012140140637541806
paparazzi,0.012140140637541806
paralyzed,0.012140140637541806
maleficent,0.012140140637541806
ramblin,0.012140140637541806
cintura,0.012140140637541806
friendly,0.012140140637541806
lewis,0.012140140637541806
neimy,0.012140140637541806
roches,0.012140140637541806
daymarks,0.012140140637541806
club,0.012132158638735976
spirit,0.012129066037847492
ripple,0.012117571152328033
free,0.012018578708828215
body,0.01189916033711744
mr,0.011885460826549326
beat,0.011885303542582616
higher,0.011880779223977126
hero,0.011863515736396909
wake,0.011856932209351183
feather,0.011824858070878826
sadness,0.011769576269500353
lips,0.011769576269500353
sunshine,0.011756230414375983
playing,0.011648168910398523
everyday,0.011623887438578156
dataset,0.011600174654567898
leh,0.011566243080130737
hague,0.011566243080130737
levant,0.011566243080130737
comfortable,0.011566243080130737
kalank,0.011566243080130737
raging,0.011566243080130737
isole,0.011566243080130737
phone,0.011566243080130737
depend,0.011566243080130737
roadkill,0.011566243080130737
rockafeller,0.011566243080130737
outter,0.011566243080130737
disco,0.011535369844247353
dos,0.01151635520623082
sleeping,0.011480251491441214
strawberry,0.011474729825967336
went,0.011450448354146969
mont,0.011398416628817612
stand,0.011398279825165657
orchestra,0.011280478051404405
vu,0.011097859694909125
everybody,0.011092276770373631
blessings,0.011027256988134873
llamada,0.010977630200734771
men,0.010977630200734771
levine,0.010977630200734771
guys,0.010977630200734771
lifes,0.010977630200734771
potatoes,0.010977630200734771
davis,0.010977630200734771
read,0.010977630200734771
conga,0.010977630200734771
1979,0.010977630200734771
complemento,0.010977630200734771
angel,0.010968287699428267
kids,0.01088695922461433
yes,0.010849948463496305
dani,0.010833005213571943
nana,0.010784442269931211
afro,0.01073992712059313
play,0.010687316382649744
magical,0.010659566129140756
usa,0.010656097347452133
spiritual,0.01065031966637527
wild,0.010600672095954349
english,0.01059712805874553
rivers,0.01050302801141476
turn,0.01048750089493061
woke,0.01042371712028218
nights,0.010370393005874579
looby,0.010349776462712408
loo,0.010349776462712408
laidu,0.010349776462712408
neve,0.010349776462712408
chambac,0.010349776462712408
montana,0.010349776462712408
makeda,0.010349776462712408
farmer,0.010349776462712408
clvame,0.010349776462712408
lease,0.010349776462712408
deixa,0.010349776462712408
psychotic,0.010349776462712408
reaction,0.010349776462712408
rasheed,0.010349776462712408
laud,0.010349776462712408
gabriel,0.010349776462712408
girar,0.010349776462712408
garage,0.010349776462712408
paid,0.010349776462712408
dell,0.010349776462712408
gira,0.010349776462712408
inkunzi,0.010349776462712408
leaving,0.010349776462712408
peckham,0.010349776462712408
joezi,0.010349776462712408
chemicals,0.01034737577716462
times,0.010310415847235634
better,0.010304870569928645
pressure,0.0102841919155859
dancin,0.01022596841806279
leo,0.010225439892450726
portela,0.010225439892450726
paint,0.010208444701493742
flower,0.010191280601176552
im,0.010102357354477749
say,0.010102347574860499
rain,0.01005258154363545
like,0.010030877830187516
finger,0.010013632148534207
family,0.010010903953368119
laughing,0.010010903953368119
2010,0.009972747354793256
band,0.009962014432617506
rule,0.009882703541484926
ground,0.009788627324233717
bellestar,0.009775026798541702
des,0.009775026798541702
kissed,0.009771558016853078
girl,0.009717752595517758
rockers,0.009697397188048545
clover,0.009697397188048545
mt,0.009697397188048545
harkna,0.009697397188048545
paraso,0.009697397188048545
cuff,0.009697397188048545
reset,0.009697397188048545
remake,0.009697397188048545
foto,0.009697397188048545
hickory,0.009697397188048545
negro,0.009697397188048545
francis,0.009697397188048545
outta,0.009697397188048545
dickory,0.009697397188048545
diggity,0.009697397188048545
cph,0.009697397188048545
dock,0.009697397188048545
ellie,0.009697397188048545
goulding,0.009697397188048545
mercier,0.009697397188048545
richard,0.009697397188048545
natio,0.009697397188048545
mueves,0.009697397188048545
flies,0.009697397188048545
ghosts,0.009697397188048545
painting,0.009697397188048545
catching,0.009608525277487763
wall,0.009585287699737743
kill,0.009580775023978772
rhythm,0.00957025381546928
pretty,0.009542799722345289
kindness,0.009430446976028673
things,0.009383488891029303
hunt,0.009349488404174109
gum,0.009344897869152359
virgin,0.009341429087463734
castle,0.00930287589310633
london,0.009285702862712937
crazy,0.009194080246008606
surfin,0.009183068180422508
javier,0.009167990003032547
penna,0.009167990003032547
town,0.009120754909418945
window,0.009102083150948697
weather,0.009095145587571449
2002,0.00908392956650678
line,0.009078264502854453
leao,0.009074332897439707
gspliff,0.00905745767542438
ver,0.00900602779630626
junction,0.009001488481978608
space,0.008985698628919288
hand,0.008971681735519474
lovefool,0.008942010659490388
palmera,0.008942010659490388
purple,0.008942010659490388
chapu,0.008942010659490388
dalbani,0.008942010659490388
icona,0.008942010659490388
episode,0.008942010659490388
yesterdays,0.008942010659490388
passionfruit,0.008942010659490388
jvenes,0.008942010659490388
jonze,0.008942010659490388
eternamente,0.008942010659490388
maitri,0.008942010659490388
maracan,0.008942010659490388
naima,0.008942010659490388
moth,0.008942010659490388
gogo,0.008942010659490388
celebrate,0.008942010659490388
dans,0.008942010659490388
japanese,0.008942010659490388
curarte,0.008942010659490388
monde,0.008942010659490388
mim,0.008942010659490388
owls,0.008942010659490388
hurricane,0.008942010659490388
fly,0.008889496054560062
cloudy,0.008769080108840817
thousand,0.008752523342845634
work,0.008744025747367145
know,0.00872115459262175
si,0.008689197216591702
6am,0.008671954221559353
krister,0.008671954221559353
runaway,0.008669927058607007
felt,0.008562743710492671
nice,0.008347912293979623
bear,0.008336789571621303
sir,0.008332013616074226
unknown,0.008310648377964107
cleopatra,0.008221012602038266
feet,0.00818884950943907
fear,0.008103074024625059
butterfly,0.008096136461247811
hubiera,0.008093427091694538
fait,0.008093427091694538
charli,0.008093427091694538
conocido,0.008093427091694538
damage,0.008093427091694538
elyjah,0.008093427091694538
pasa,0.008093427091694538
camino,0.008093427091694538
pancake,0.008093427091694538
gypsy,0.008093427091694538
yaa,0.008093427091694538
yere,0.008093427091694538
grizzly,0.008093427091694538
midnat,0.008093427091694538
dreamflower,0.008093427091694538
papa,0.008093427091694538
homeless,0.008093427091694538
phoebe,0.008093427091694538
near,0.008093427091694538
ndokulandela,0.008093427091694538
johny,0.008093427091694538
jubel,0.008093427091694538
raphaella,0.008093427091694538
omeiso,0.008093427091694538
nube,0.008093427091694538
acapulco,0.00804757351760708
high,0.008009119639590227
solo,0.008000178873264699
mans,0.007922697376816624
sing,0.007917232678372946
trying,0.007901884686684882
schulz,0.007834783031168618
sun,0.007815680223286527
al,0.007808227581092041
raining,0.007726866242666207
lean,0.007695988971686598
coast,0.007551537736133884
stranger,0.007536507052643103
wanted,0.007520371998464453
wax,0.007492568447427282
se,0.007463009778156496
air,0.007456799659764021
patacake,0.007447474285475172
kiss,0.007391593416643035
yesterday,0.00734341083481646
charcos,0.007284084382525084
glad,0.007284084382525084
casernes,0.007284084382525084
200,0.007284084382525084
dakota,0.007284084382525084
pompidou,0.007284084382525084
opstigning,0.007284084382525084
index,0.007284084382525084
mon,0.007284084382525084
melhor,0.007284084382525084
ibiza,0.007284084382525084
fnt,0.007284084382525084
pear,0.007284084382525084
prickly,0.007284084382525084
coeur,0.007284084382525084
jolies,0.007284084382525084
foundations,0.007284084382525084
k3y,0.007284084382525084
orphans,0.007284084382525084
noon,0.007284084382525084
lemonade,0.007284084382525084
killing,0.007284084382525084
loose,0.007284084382525084
raven,0.007284084382525084
choses,0.007284084382525084
thank,0.007108014700368034
grease,0.007094710261769757
lucky,0.007070381941965306
hopes,0.0070555019546606895
sol,0.00699170572256022
forever,0.00697991169576546
pop,0.0069132819054271155
right,0.006889669759958523
alice,0.006798812109702532
hook,0.006781468201259413
operator,0.006771061856193542
boy,0.006677946346421057
rocket,0.006628124473222907
feelin,0.006587216426696484
jesus,0.006538508068623525
prince,0.006538508068623525
interpretation,0.006538508068623525
meteadisco,0.006538508068623525
pouring,0.006538508068623525
jak,0.006538508068623525
christ,0.006538508068623525
ear,0.006538508068623525
loud,0.006538508068623525
lovesong,0.006538508068623525
project,0.006538508068623525
functioning,0.006538508068623525
yakuza,0.006538508068623525
yemanj,0.006538508068623525
menswear,0.006538508068623525
capito,0.006538508068623525
maya,0.006538508068623525
highly,0.006538508068623525
pont,0.006538508068623525
immunity,0.006538508068623525
moewe,0.006538508068623525
hall,0.006538508068623525
courage,0.006538508068623525
fires,0.006538508068623525
moscow,0.006538508068623525
poison,0.006538508068623525
pollen,0.006538508068623525
inside,0.006534650922959509
real,0.006526369348791754
bananas,0.006483152976037771
theatre,0.006368683180313189
december,0.006368683180313189
pinot,0.006365214398624565
french,0.0062784948564089706
jjs,0.006260796223419661
floor,0.00623290120839677
everybodys,0.006203244699298363
think,0.006173153859875048
used,0.006059961610025675
liongold,0.006036125321554707
dont,0.006012757332293651
smooth,0.006010632535119235
bit,0.005987117194564576
long,0.0059795261289540625
break,0.005974298885028213
intelligence,0.0059489605959897164
emotional,0.0059489605959897164
apart,0.0058860011347680345
espresso,0.00587317639454023
fallin,0.005831470463584848
mas,0.005817146891822013
mirage,0.005809522775461618
royal,0.005778990293247153
short,0.005737364912983668
judgement,0.005724260252125773
frail,0.005724260252125773
joycelyns,0.005724260252125773
mang,0.005724260252125773
freed,0.005724260252125773
quimey,0.005724260252125773
driving,0.005724260252125773
quartz,0.005724260252125773
parallel,0.005724260252125773
paraiso,0.005724260252125773
femme,0.005724260252125773
chanson,0.005724260252125773
leau,0.005724260252125773
nectar,0.005724260252125773
duck,0.005724260252125773
lyk,0.005724260252125773
getsomerestsleepwell,0.005724260252125773
gade,0.005724260252125773
ran,0.005724260252125773
europe,0.005724260252125773
path,0.005724260252125773
cause,0.005724260252125773
oopsi,0.005724260252125773
drummer,0.005724260252125773
football,0.005724260252125773
flox,0.005724260252125773
camel,0.005724260252125773
fidelity,0.005724260252125773
nightshade,0.005724260252125773
metal,0.005724260252125773
denied,0.005724260252125773
relight,0.005724260252125773
nobodys,0.005724260252125773
dargent,0.005724260252125773
guy,0.005724260252125773
revealed,0.005724260252125773
neuqun,0.005724260252125773
vero,0.005688801969342936
tonight,0.005677515271605219
luxury,0.0055828309347750165
africa,0.005581234877852559
mars,0.005507703210765613
generation,0.005364815278753926
coffee,0.0053194898529460065
train,0.005310711816885039
jusquici,0.005282954511773958
tout,0.005282954511773958
sands,0.005282954511773958
san,0.005230922786444601
movin,0.005102577863965523
promise,0.005043608575258919
sos,0.005029733448504424
simple,0.004939545124600207
day,0.0048854522790700025
natures,0.004870771577001621
pong,0.004870771577001621
jaehn,0.004870771577001621
jefe,0.004870771577001621
numb,0.004870771577001621
outlaws,0.004870771577001621
dip,0.004870771577001621
lamb,0.004870771577001621
particular,0.004870771577001621
ratio,0.004870771577001621
happen,0.004870771577001621
piebald,0.004870771577001621
daydream,0.004870771577001621
felix,0.004870771577001621
muffin,0.004870771577001621
refract,0.004870771577001621
cheerleader,0.004870771577001621
chilled,0.004870771577001621
reflection,0.004870771577001621
nocturne,0.004870771577001621
kittens,0.004870771577001621
elder,0.004870771577001621
qui,0.004870771577001621
loved,0.004866289677349126
1999,0.0048528255823846135
wonder,0.004827919833531853
cold,0.004822311370632195
self,0.004776512385234891
youth,0.00477564865891189
cat,0.004772816127085726
waiting,0.0047568575345869665
ants,0.004724480659905535
silhouettes,0.0047105004269101265
du,0.0046828552796420505
eres,0.0046759177162648035
miami,0.004637761117689942
diamonds,0.004575385954810998
listen,0.004558212924417606
moss,0.004532050921861817
wont,0.0045232913219653585
vibrations,0.0045232913219653585
vibe,0.004516506993462224
rio,0.0044850304459990555
shake,0.004483897880817035
loves,0.004479152681941982
shift,0.004444242435250744
gold,0.004389095923432618
tan,0.0043671961459772896
round,0.004353321019222795
wind,0.004349607368508321
sea,0.004325928340245857
evening,0.004315164420647934
rouge,0.0042912857166379085
upside,0.0042145697516778454
best,0.004142733877825066
moving,0.004090175956980289
weve,0.004034193103869411
cloud,0.004026924042968614
melody,0.00402339569216624
heartbeat,0.004019362661326199
today,0.003925264089918282
color,0.0038982778993000944
dressed,0.0038975637928011625
lookin,0.0038897501113416776
loop,0.0038897501113416776
louie,0.0038897501113416776
paraty,0.0038897501113416776
keeps,0.0038897501113416776
jeanne,0.0038897501113416776
jackie,0.0038897501113416776
owen,0.0038897501113416776
glass,0.0038897501113416776
elbow,0.0038897501113416776
cuddly,0.0038897501113416776
egyptian,0.0038897501113416776
queensland,0.0038897501113416776
rabia,0.0038897501113416776
disturb,0.0038897501113416776
flamingo,0.0038897501113416776
dogs,0.0038897501113416776
positive,0.0038897501113416776
chemical,0.0038897501113416776
fantasy,0.0038897501113416776
favorite,0.0038897501113416776
guacamayo,0.0038897501113416776
noctuary,0.0038897501113416776
memory,0.0038897501113416776
meadow,0.0038897501113416776
currencies,0.0038897501113416776
doll,0.0038897501113416776
motivation,0.0038897501113416776
heroes,0.0038897501113416776
yeux,0.0038897501113416776
native,0.0038897501113416776
levitating,0.0038897501113416776
couldve,0.0038897501113416776
cozy,0.0038897501113416776
linvisible,0.0038897501113416776
sunrise,0.003843705305727973
come,0.0038059473997426245
del,0.00380059836243818
burning,0.003770099860623799
hill,0.00371628175592669
growing,0.003659564681498047
shadows,0.0036352832096776806
pain,0.0035774876964446718
viva,0.003563325037313854
afrobeats,0.0033439055478332864
bodies,0.0033404367661446625
tangled,0.0033404367661446625
save,0.0032660849854377417
size,0.0032375838773050355
maia,0.003232904533797327
wright,0.003232904533797327
begin,0.0032089054264923668
someday,0.003201543523339599
havent,0.003132309864827238
uptown,0.003081794626866036
slipping,0.003000496160659536
ways,0.00294885464755111
flag,0.0029380580902643085
om,0.0028721512381804574
escape,0.0028629894955841473
missing,0.0028617448931145865
kettle,0.0028449622504138376
peach,0.0028449622504138376
neon,0.0028449622504138376
heartache,0.0028449622504138376
calmarme,0.0028449622504138376
effect,0.0028449622504138376
1958,0.0028449622504138376
rama,0.0028449622504138376
polly,0.0028449622504138376
phase,0.0028449622504138376
dong,0.0028449622504138376
finest,0.0028449622504138376
ki,0.0028449622504138376
offlines,0.0028449622504138376
pandora,0.0028449622504138376
margarita,0.0028449622504138376
ding,0.0028449622504138376
2008,0.0028449622504138376
lavender,0.0028449622504138376
drinkin,0.0028449622504138376
kyle,0.0028449622504138376
mavs,0.0028449622504138376
ngi,0.0028449622504138376
lama,0.0028449622504138376
edge,0.0028449622504138376
codys,0.0028449622504138376
million,0.0027730486578141996
dorfmeister,0.0027299311889468843
soleil,0.002727728148595581
100,0.002699402830333945
shade,0.0026852401712031265
moondance,0.0026709619002402807
gonna,0.0025951889991860295
rainbow,0.002528741851006707
monkeys,0.002414272055282124
bam,0.0024108032735935003
evenings,0.002403865710216253
goodbye,0.0024037921287610093
chase,0.0023761154567072625
ghost,0.0022954564299428725
rapture,0.002195738808898828
blurred,0.0021952121652768176
ali,0.002081269013174245
mono,0.0020738110194034555
black,0.0020313395475279284
funky,0.00201189337940177
boys,0.002008424597713146
carry,0.0020018846858583243
john,0.001991269873793036
rise,0.001982258365408733
lipa,0.0019078299287430573
dua,0.0019078299287430573
runnin,0.0018949637917034723
erosion,0.0018835612140670924
es,0.0018835612140670924
chose,0.0018835612140670924
gettin,0.0018835612140670924
quicksand,0.0018835612140670924
enchanted,0.0018835612140670924
drowning,0.0018835612140670924
hotel,0.0018835612140670924
elephants,0.0018835612140670924
miraflores,0.0018835612140670924
ima,0.0018835612140670924
longing,0.0018835612140670924
khepre,0.0018835612140670924
fugazi,0.0018835612140670924
gratis,0.0018835612140670924
fergie,0.0018835612140670924
grip,0.0018835612140670924
oceanside,0.0018835612140670924
diablo,0.0018835612140670924
dragonfruit,0.0018835612140670924
lmfao,0.0018835612140670924
pjaro,0.0018835612140670924
pobre,0.0018835612140670924
daisy,0.0018835612140670924
firetruck,0.0018835612140670924
haircut,0.0018835612140670924
icogito,0.0018835612140670924
spring,0.0018245791682160878
spaces,0.0018245791682160878
half,0.0016962342457370093
pink,0.0016858279006711381
slow,0.0016565490811926318
fading,0.001640035927348745
spanish,0.001595639576766921
barcelona,0.001595639576766921
sunflower,0.0015887020133896735
dreams,0.0015142925896320172
ok,0.0014997693911552052
horse,0.0014811697810423374
difference,0.0014811697810423374
really,0.0014430131824674762
shut,0.001438926167691127
rare,0.0014360756190902287
2020,0.0014304285722126359
deja,0.0014187317106471103
style,0.001297324351545279
hearts,0.0012799804431021604
garden,0.0012420921026268315
falling,0.0012043505832322007
dog,0.0011477282149714363
twinkle,0.0011204164854254684
angeles,0.001113185007682309
does,0.0010338741165497268
au,0.0010232905981440036
lane,0.0010232905981440036
face,0.0009712588728146475
bonus,0.0009643213094373999
glorious,0.0008338682458109524
kenneth,0.0008338682458109524
nio,0.0008338682458109524
pale,0.0008338682458109524
dots,0.0008338682458109524
hermanos,0.0008338682458109524
lining,0.0008338682458109524
inch,0.0008338682458109524
draw,0.0008338682458109524
greenleaf,0.0008338682458109524
noire,0.0008338682458109524
doble,0.0008338682458109524
heads,0.0008338682458109524
photograph,0.0008338682458109524
lovely,0.0008338682458109524
knows,0.0008338682458109524
petrichor,0.0008338682458109524
naughty,0.0008338682458109524
central,0.0008338682458109524
mali,0.0008338682458109524
patchworks,0.0008338682458109524
frequency,0.0008338682458109524
nublado,0.0008338682458109524
fragments,0.0008338682458109524
ceres,0.0008338682458109524
rip,0.0008338682458109524
primos,0.0008338682458109524
gutirrez,0.0008338682458109524
mountains,0.0008338682458109524
crusoe,0.0008338682458109524
buttery,0.0008338682458109524
imitation,0.0008338682458109524
constellation,0.0008338682458109524
enemy,0.0008186324785152028
mambo,0.000790882225006213
santa,0.0007215065912337381
noir,0.0005372705223075649
rider,0.0005102843316893768
car,0.0005053777515769789
marching,0.0004871954741001453
words,0.0003956787336237009
hot,0.0003151635084180921
wonderwall,0.00030872157028751293
bossa,0.0002605929280070545
kid,0.00017343908443118706
sunrays,0.00011793857741320721
walk,8.370587290171815e-05
familiar,4.1625380263484894e-05
calling,-2.633410818290102e-05
evil,-4.509416195210863e-05
luv,-8.497595478490907e-05
laughter,-0.00011613380487270906
somebody,-0.00019689682652124468
wicked,-0.00020435741666874653
adore,-0.00020607636472070985
sunny,-0.00023042344660038393
stereo,-0.00023261795561562568
berlin,-0.0002577603961808908
hide,-0.0002747684862942798
song,-0.0002943663148672946
pulse,-0.00029921154702628285
evum,-0.00029921154702628285
madalena,-0.00029921154702628285
104,-0.00029921154702628285
prove,-0.00029921154702628285
galore,-0.00029921154702628285
goliath,-0.00029921154702628285
cruisin,-0.00029921154702628285
inner,-0.00029921154702628285
ninas,-0.00029921154702628285
mesmerised,-0.00029921154702628285
mitchell,-0.00029921154702628285
perks,-0.00029921154702628285
net,-0.00029921154702628285
ceces,-0.00029921154702628285
revive,-0.00029921154702628285
pepsi,-0.00029921154702628285
faya,-0.00029921154702628285
firefighter,-0.00029921154702628285
pinkfog,-0.00029921154702628285
lays,-0.00029921154702628285
dimension,-0.00029921154702628285
orbits,-0.00029921154702628285
gavin,-0.00029921154702628285
depart,-0.00029921154702628285
repeat,-0.00029921154702628285
drinks,-0.00029921154702628285
nil,-0.00029921154702628285
ray,-0.00029921154702628285
pia,-0.00029921154702628285
heartburn,-0.00029921154702628285
liv,-0.00029921154702628285
days,-0.00034740504005036234
stars,-0.00036964723799056266
living,-0.0003752610416063396
devotion,-0.0003823917965320909
fade,-0.0004146060194976186
happiness,-0.0004192147102722181
skin,-0.00045094161952108635
acoustic,-0.0004520688571398009
wrong,-0.0005244876546427787
indigo,-0.0005272548166708087
bingo,-0.0005307235983594324
cosmos,-0.0005307235983594324
los,-0.0005429496070316698
release,-0.0005619426335570461
hair,-0.0005619426335570461
catch,-0.0005619426335570461
deepend,-0.0005619426335570461
chance,-0.000601056063768737
city,-0.0006316295178364532
stay,-0.0007102246118151933
old,-0.000729042560401107
aire,-0.0008325076052696979
turning,-0.0008463827320241928
god,-0.000858053024959525
enjoy,-0.0008671954221559353
twist,-0.0010132087932101569
crimson,-0.0010198218164553798
cake,-0.0010371657248984987
heaven,-0.0010518247627161006
giving,-0.0011065413586709733
september,-0.0011075199440299817
hungry,-0.0011308228304913396
ymca,-0.0011308228304913396
lightning,-0.0011308228304913396
low,-0.001150592106984709
cats,-0.0011868308351625633
choose,-0.0011981609624672179
ice,-0.0012047854493677217
shout,-0.0012293188125550177
10,-0.0012293188125550177
lost,-0.0012294428610270653
did,-0.0012398975936115896
plane,-0.0012522301895931704
beacon,-0.001314668259988398
frozen,-0.001314668259988398
likes,-0.0013320121684315166
red,-0.0013536335935666153
ferrari,-0.001377106330383625
riddim,-0.001377106330383625
pieces,-0.001377106330383625
thunder,-0.001460357090910595
currents,-0.001471532198489916
eric,-0.001471532198489916
rainfall,-0.001471532198489916
nightswimming,-0.001471532198489916
euphoria,-0.001471532198489916
glimpses,-0.001471532198489916
resilience,-0.001471532198489916
nation,-0.001471532198489916
oova,-0.001471532198489916
driver,-0.001471532198489916
caller,-0.001471532198489916
dumpty,-0.001471532198489916
dinner,-0.001471532198489916
edapollo,-0.001471532198489916
coxis,-0.001471532198489916
liked,-0.001471532198489916
liem,-0.001471532198489916
retromigration,-0.001471532198489916
helicopter,-0.001471532198489916
indie,-0.001471532198489916
moomin,-0.001471532198489916
guitare,-0.001471532198489916
letting,-0.001471532198489916
hilton,-0.001471532198489916
hoi,-0.001471532198489916
dac,-0.001471532198489916
pack,-0.001471532198489916
fix,-0.001471532198489916
humpty,-0.001471532198489916
grooves,-0.001471532198489916
respira,-0.001471532198489916
jaded,-0.001471532198489916
jsors,-0.001471532198489916
jet,-0.001471532198489916
fresco,-0.001471532198489916
novel,-0.001471532198489916
grand,-0.001471532198489916
fmur,-0.001471532198489916
fedde,-0.001471532198489916
hypnagogia,-0.001471532198489916
changing,-0.001471532198489916
fivekey,-0.001471532198489916
caribe,-0.001471532198489916
cross,-0.0014846385627309612
lily,-0.0015295671861283635
peace,-0.0015397082064450857
tattoo,-0.001554014196503436
dancing,-0.0016068916749103546
teresa,-0.0016650152105393958
knees,-0.0017674998595261086
shoulders,-0.0017674998595261086
bed,-0.0017759974550045998
faith,-0.0018301543819243993
end,-0.001833919579028552
closer,-0.001834985513281959
stupid,-0.0018383131551801995
track,-0.001866953732767383
orange,-0.0018767668929921789
drink,-0.001952924090695166
vertigo,-0.0020188309427790173
war,-0.0020479205103163087
feels,-0.0020547527219757097
country,-0.0020779366776004908
friends,-0.002089015718486046
queen,-0.002112488048371858
memories,-0.002145139109994613
mwaki,-0.002147175865258096
different,-0.0021907880201856413
tune,-0.0022685832243599267
let,-0.0022885241246831745
crystal,-0.002306739822934788
nu,-0.002306739822934788
electric,-0.002403865710216253
places,-0.002435084745413866
survive,-0.0024697725623001035
try,-0.0024876361169857116
civilizacin,-0.0025653711327007535
claudia,-0.0025653711327007535
onya,-0.0025653711327007535
lmh,-0.0025653711327007535
letters,-0.0025653711327007535
raw,-0.0025653711327007535
lampadaire,-0.0025653711327007535
leitte,-0.0025653711327007535
lopez,-0.0025653711327007535
lostmyhead,-0.0025653711327007535
ralf,-0.0025653711327007535
gardening,-0.0025653711327007535
cuts,-0.0025653711327007535
dom,-0.0025653711327007535
cup,-0.0025653711327007535
fifa,-0.0025653711327007535
cars,-0.0025653711327007535
daysleeper,-0.0025653711327007535
official,-0.0025653711327007535
creek,-0.0025653711327007535
dmmerung,-0.0025653711327007535
discolo,-0.0025653711327007535
gris,-0.0025653711327007535
passion,-0.0025653711327007535
jennifer,-0.0025653711327007535
reworked,-0.0025653711327007535
hummingbirds,-0.0025653711327007535
meditacin,-0.0025653711327007535
nightcap,-0.0025653711327007535
rebel,-0.0025653711327007535
reasons,-0.0025653711327007535
reason,-0.0025653711327007535
kalif,-0.0025653711327007535
gazing,-0.0025653711327007535
ceremony,-0.0025653711327007535
merida,-0.0025653711327007535
ola,-0.0025653711327007535
ole,-0.0025653711327007535
edmondsons,-0.0025653711327007535
quilt,-0.0025653711327007535
yoruba,-0.0025653711327007535
loire,-0.0025653711327007535
dollar,-0.0025911799214019342
2007,-0.0026904680526863875
extended,-0.0027192305531170903
desire,-0.002791844083954378
dj,-0.002795590683268367
away,-0.0027982314026794167
looking,-0.0028148723944633456
ball,-0.002897680058165399
roses,-0.002897680058165399
treasure,-0.0029068390550666947
circle,-0.0029486656310363448
super,-0.0030732970313875445
chocolate,-0.0030761295632137082
lets,-0.003096012547301238
honest,-0.0031156783713726364
tourist,-0.003121903519761367
coming,-0.0031427162098931097
clock,-0.0032051542802883372
frog,-0.0032051542802883372
language,-0.003253717223929069
na,-0.003282592614259494
alright,-0.003485428947776437
madness,-0.0035520324491507107
gummy,-0.0035520324491507107
trouper,-0.0035520324491507107
season,-0.0035548172914322447
sweet,-0.0035580336805967204
manhattan,-0.003572845139282453
weightless,-0.003572845139282453
roads,-0.0035954436716436945
fireboy,-0.0035954436716436945
dia,-0.0035954436716436945
resuena,-0.0035954436716436945
kareem,-0.0035954436716436945
hopkins,-0.0035954436716436945
nightglow,-0.0035954436716436945
matumbayo,-0.0035954436716436945
changeless,-0.0035954436716436945
isla,-0.0035954436716436945
collarbone,-0.0035954436716436945
nite,-0.0035954436716436945
dreamgaze,-0.0035954436716436945
dml,-0.0035954436716436945
headcarsbending,-0.0035954436716436945
evoke,-0.0035954436716436945
gaslight,-0.0035954436716436945
katika,-0.0035954436716436945
motocicletta,-0.0035954436716436945
likambo,-0.0035954436716436945
freshies,-0.0035954436716436945
edmondson,-0.0035954436716436945
fractals,-0.0035954436716436945
dubrovnik,-0.0035954436716436945
ngana,-0.0035954436716436945
duality,-0.0035954436716436945
nimble,-0.0035954436716436945
meadowlark,-0.0035954436716436945
marahau,-0.0035954436716436945
ebow,-0.0035954436716436945
milles,-0.0035954436716436945
breath,-0.0036263423938277567
run,-0.0036581982929032642
anymore,-0.0037254715335818976
bubbles,-0.0037254715335818976
chill,-0.0038158792538042674
cocomelon,-0.003829583028973236
halsey,-0.003833003765929234
macdonald,-0.00388503549125859
straight,-0.00388503549125859
jane,-0.00388503549125859
mood,-0.004022195193152363
goes,-0.004033592646287194
ophelia,-0.004093162392576014
colors,-0.004110315385547801
film,-0.004120912646085004
ordinary,-0.004206309761852999
moonshine,-0.004218038533366469
bubble,-0.004218038533366469
juliet,-0.004242320005186835
dreamer,-0.004315164420647934
jumping,-0.004315164420647934
meant,-0.004356789800911419
closed,-0.0043810712727317845
birds,-0.004461803597267632
believe,-0.004527919232072226
hold,-0.004560157633575501
changes,-0.00457185426560609
ocean,-0.004583402818870478
clouds,-0.004672171526191342
shiny,-0.004693505235953144
related,-0.004696730406396545
clyde,-0.004703997927839431
genie,-0.004703997927839431
east,-0.004703997927839431
having,-0.004703997927839431
marlon,-0.004703997927839431
robot,-0.004703997927839431
limelight,-0.004703997927839431
lou,-0.004703997927839431
postman,-0.004703997927839431
otherside,-0.004703997927839431
gang,-0.004703997927839431
electrolite,-0.004703997927839431
della,-0.004703997927839431
freaky,-0.004703997927839431
encounter,-0.004703997927839431
dubs,-0.004703997927839431
dubai,-0.004703997927839431
porteos,-0.004703997927839431
leila,-0.004703997927839431
lakeside,-0.004703997927839431
klone,-0.004703997927839431
careless,-0.004703997927839431
remains,-0.004703997927839431
crisantemo,-0.004703997927839431
diez,-0.004703997927839431
riva,-0.004703997927839431
hijos,-0.004703997927839431
reno,-0.004703997927839431
hang,-0.004703997927839431
rerecording,-0.004703997927839431
halo,-0.004703997927839431
relics,-0.004703997927839431
nj,-0.004703997927839431
continental,-0.004703997927839431
frenzy,-0.004703997927839431
married,-0.004703997927839431
norr,-0.004703997927839431
idoido,-0.004703997927839431
cariito,-0.004703997927839431
crying,-0.004703997927839431
horizons,-0.004703997927839431
dias,-0.004703997927839431
lollipops,-0.004703997927839431
adam,-0.004717543096528288
automatic,-0.004741824568348654
make,-0.0047478670583311995
ma,-0.004939545124600207
2019,-0.005029733448504424
tourmaubourg,-0.005083216996444176
jon,-0.005085233955522404
grow,-0.005116452990720018
roof,-0.005126859335785888
tiempo,-0.005126859335785888
rainbows,-0.005140734462540384
echo,-0.0051615471526721265
dreamers,-0.005185828624492493
untitled,-0.005197695901010271
whispers,-0.005199703751246988
mundo,-0.005310704765282947
elle,-0.005310704765282947
studio,-0.005354601997189875
night,-0.005422300770377916
quiero,-0.005475743405436004
vol,-0.005602747952151671
groove,-0.0056939558114884326
stolen,-0.005735876947981363
brown,-0.005740833694672291
calm,-0.005789695052678471
sad,-0.0058032717650675185
far,-0.005811944656117466
clear,-0.005837077720676666
rakoon,-0.005837077720676666
dumb,-0.005837077720676666
meduza,-0.005837077720676666
everythings,-0.005837077720676666
months,-0.005837077720676666
iv,-0.005837077720676666
final,-0.005837077720676666
flex,-0.005837077720676666
leap,-0.005837077720676666
hiatus,-0.005837077720676666
dear,-0.005837077720676666
canal,-0.005837077720676666
mryn,-0.005837077720676666
delightful,-0.005837077720676666
rhodes,-0.005837077720676666
muga,-0.005837077720676666
campfire,-0.005837077720676666
inertia,-0.005837077720676666
hammock,-0.005837077720676666
cosy,-0.005837077720676666
kokiri,-0.005837077720676666
cayo,-0.005837077720676666
criminal,-0.005837077720676666
paradis,-0.005837077720676666
homerun,-0.005837077720676666
evig,-0.005837077720676666
pretoria,-0.005837077720676666
countdown,-0.005837077720676666
islands,-0.005837077720676666
reserva,-0.005837077720676666
reserve,-0.005837077720676666
harvey,-0.005837077720676666
nocturn,-0.005837077720676666
haunt,-0.005837077720676666
facedown,-0.005837077720676666
luka,-0.005837077720676666
matinl,-0.005837077720676666
ce,-0.005837077720676666
doubts,-0.005837077720676666
jaune,-0.005837077720676666
piece,-0.005837077720676666
madrid,-0.005837077720676666
paperboat,-0.005837077720676666
sleeps,-0.005837959581953756
signs,-0.00586917861715137
ears,-0.00586917861715137
souls,-0.005879584962217241
elvis,-0.005893460088971736
uh,-0.005893460088971736
lady,-0.005905423760015554
reach,-0.0059420230326124686
strange,-0.005959041546507194
hours,-0.005969773286121458
limit,-0.006063430391714299
golden,-0.006084641906107678
desert,-0.006098441021730307
wine,-0.006133225140497317
hidden,-0.006184126404951256
leave,-0.00619925068528789
ya,-0.00620764399198236
soon,-0.0062166370024080795
summer,-0.00625209713570784
babe,-0.006288901201474842
texas,-0.006288901201474842
echoes,-0.006318368856809593
silence,-0.006351398585903521
marshmello,-0.006479684194349148
waves,-0.00651593838926435
lose,-0.006524281641045021
heavy,-0.006535412061814503
global,-0.006545591046432999
early,-0.006580278863319237
learn,-0.00669474865904382
halftime,-0.00669474865904382
close,-0.0067190820221765795
faded,-0.006758814104828043
karma,-0.00676567129399032
je,-0.006771080555109037
belle,-0.006791874546325285
fascination,-0.006791874546325285
quiet,-0.006883052337577635
mixed,-0.006915824668424775
loyal,-0.006935821762215803
giver,-0.006935821762215803
nursery,-0.006935821762215803
citrine,-0.006935821762215803
counting,-0.006935821762215803
rehearsal,-0.006935821762215803
kai,-0.006935821762215803
pistache,-0.006935821762215803
highflyer,-0.006935821762215803
paz,-0.006935821762215803
leper,-0.006935821762215803
limpieza,-0.006935821762215803
patterns,-0.006935821762215803
fireline,-0.006935821762215803
citrus,-0.006935821762215803
pierdo,-0.006935821762215803
flags,-0.006935821762215803
energtica,-0.006935821762215803
encore,-0.006935821762215803
cheerful,-0.006935821762215803
marco,-0.006935821762215803
closure,-0.006935821762215803
rhyme,-0.006935821762215803
hiraya,-0.006935821762215803
lai,-0.006935821762215803
ink,-0.006935821762215803
delhi,-0.006935821762215803
indian,-0.006935821762215803
polaris,-0.006935821762215803
conversations,-0.006935821762215803
exhale,-0.006935821762215803
gitarre,-0.006935821762215803
polnische,-0.006935821762215803
pam,-0.006935821762215803
lulu,-0.006935821762215803
intimate,-0.006972251194133719
lola,-0.007092461552471097
came,-0.007136620773482677
focus,-0.00714915906025353
needs,-0.007177635647498653
lie,-0.007177635647498653
shalala,-0.007197722003894262
cherry,-0.007197722003894262
aok,-0.007197722003894262
venice,-0.007197722003894262
joe,-0.0072358786024691235
celestial,-0.007298316672864351
fall,-0.007304437674658583
wants,-0.0074410611073318705
afterlife,-0.007492568447427282
thing,-0.007516160505808106
absence,-0.007523787482624894
rosa,-0.007528869593942943
paris,-0.007585572853767081
waste,-0.007613975806529112
got,-0.007782603637356892
fish,-0.0078092902447331435
lovers,-0.0078517782221256
head,-0.007869187438537572
hum,-0.008078711769709637
liar,-0.008078711769709637
confidence,-0.008078711769709637
ciel,-0.008078711769709637
metropolis,-0.008078711769709637
dpart,-0.008078711769709637
construction,-0.008078711769709637
driftwood,-0.008078711769709637
kli,-0.008078711769709637
hazey,-0.008078711769709637
dorado,-0.008078711769709637
chaos,-0.008078711769709637
bora,-0.008078711769709637
galaxies,-0.008078711769709637
procrastination,-0.008078711769709637
itoldyou,-0.008078711769709637
estrellas,-0.008078711769709637
garbage,-0.008078711769709637
intuition,-0.008078711769709637
oak,-0.008078711769709637
nostalgist,-0.008078711769709637
papeles,-0.008078711769709637
faux,-0.008078711769709637
cambiaron,-0.008078711769709637
canto,-0.008078711769709637
pines,-0.008078711769709637
orbitals,-0.008078711769709637
omnimotion,-0.008078711769709637
outland,-0.008078711769709637
coolin,-0.008078711769709637
jara,-0.008078711769709637
renovations,-0.008078711769709637
cbd,-0.008078711769709637
rattle,-0.008078711769709637
lupe,-0.008078711769709637
persuasion,-0.008078711769709637
fiasco,-0.008078711769709637
boogie,-0.008171909177198624
key,-0.008210606256972395
alphabet,-0.008231337486831527
imagine,-0.008231418947104137
foolish,-0.008255700418924504
circles,-0.00829732579918799
moment,-0.00829732579918799
ep,-0.00829732579918799
intro,-0.008323772694811963
gets,-0.008331373030851554
changed,-0.00833873290102015
human,-0.00840987831264992
water,-0.00846282992506323
animal,-0.008510305961107512
latin,-0.008519327827259908
yous,-0.008519327827259908
wolf,-0.008519327827259908
mama,-0.008519327827259908
america,-0.008544596083933723
gravity,-0.008559911178666507
xica,-0.008581765897655136
danse,-0.008585234679343759
stubborn,-0.008585234679343759
story,-0.008602399156058961
sound,-0.008677542313696142
loving,-0.008712867897279344
bay,-0.008968958345293038
lazy,-0.008988854765912869
attraction,-0.009025769953798973
thinking,-0.009032943993635835
fuego,-0.009053520207307963
future,-0.009053520207307963
germain,-0.00915064609458943
carston,-0.009167645596592175
chapaleuf,-0.009167645596592175
linda,-0.009167645596592175
maiden,-0.009167645596592175
callme,-0.009167645596592175
carousel,-0.009167645596592175
hip,-0.009167645596592175
gravitys,-0.009167645596592175
fourth,-0.009167645596592175
flofilz,-0.009167645596592175
feathered,-0.009167645596592175
pans,-0.009167645596592175
osu,-0.009167645596592175
observers,-0.009167645596592175
enigma,-0.009167645596592175
marathon,-0.009167645596592175
chiara,-0.009167645596592175
jersey,-0.009167645596592175
durian,-0.009167645596592175
endcliffe,-0.009167645596592175
international,-0.009167645596592175
qala,-0.009167645596592175
meloni,-0.009167645596592175
meditate,-0.009167645596592175
pots,-0.009167645596592175
frutiger,-0.009167645596592175
pamoja,-0.009167645596592175
hnscc,-0.009167645596592175
ndaci,-0.009167645596592175
reminisce,-0.009167645596592175
madeline,-0.009167645596592175
essential,-0.009167645596592175
marmara,-0.009167645596592175
chuva,-0.009167645596592175
needed,-0.009234053753293453
voyage,-0.00927087666703358
summertime,-0.009280915851620199
children,-0.009292866143823002
lights,-0.009302269466597943
honestly,-0.009455898883188318
thoughts,-0.009471986426691198
need,-0.00951827776591987
symphony,-0.009525804531388305
fun,-0.009542799722345289
midnight,-0.00958724698159083
radio,-0.00960069612783281
gone,-0.009608805591601061
riders,-0.00965361943943987
tomorrow,-0.009670963347882991
stuck,-0.009722388492716345
tell,-0.009748393523938465
solitude,-0.00980056011852618
visions,-0.009809714615427938
velvet,-0.009809714615427938
blood,-0.009826052904961653
safe,-0.009840933650625553
decisions,-0.009934590756218395
hurt,-0.009934590756218395
easier,-0.009959181900791344
dark,-0.010125464596325443
inaudible,-0.010138856847595518
richness,-0.010138856847595518
daydreams,-0.010138856847595518
fred,-0.010138856847595518
fragile,-0.010138856847595518
feely,-0.010138856847595518
luckey,-0.010138856847595518
12345,-0.010138856847595518
mangroves,-0.010138856847595518
hz,-0.010138856847595518
namaste,-0.010138856847595518
delicate,-0.010138856847595518
dies,-0.010138856847595518
discoboiz,-0.010138856847595518
clandestina,-0.010138856847595518
jazzin,-0.010138856847595518
nicos,-0.010138856847595518
neverlasting,-0.010138856847595518
rasta,-0.010138856847595518
emmajean,-0.010138856847595518
kiboko,-0.010138856847595518
hanger,-0.010138856847595518
pages,-0.010138856847595518
outro,-0.010138856847595518
chin,-0.010138856847595518
china,-0.010138856847595518
chinota,-0.010138856847595518
navy,-0.010138856847595518
copy,-0.010138856847595518
regev,-0.010138856847595518
comfort,-0.010138856847595518
cliff,-0.010138856847595518
eriice,-0.010138856847595518
immanent,-0.010138856847595518
ivy,-0.010138856847595518
problem,-0.010138856847595518
nouras,-0.010138856847595518
lilies,-0.010138856847595518
fills,-0.010138856847595518
gap,-0.010138856847595518
farewell,-0.010138856847595518
passing,-0.010138856847595518
paste,-0.010138856847595518
cumbia,-0.010191449510536762
jardin,-0.01022596841806279
trouble,-0.01022596841806279
ends,-0.01022596841806279
bell,-0.010260656234949025
view,-0.01027642546532167
danza,-0.010299085719930979
kuduro,-0.010299085719930979
game,-0.010324091168102616
control,-0.010412210729681133
mister,-0.010420220192625717
outside,-0.01049653338977544
remember,-0.01051528296805782
playground,-0.01052428364328443
private,-0.010611003185500024
losing,-0.01061794074887727
aurora,-0.010647487134549107
livin,-0.010666503692518004
reggae,-0.010667314857332251
fantastic,-0.010681177278757323
turtle,-0.010753223234733596
blanche,-0.010753223234733596
reprise,-0.010753223234733596
smokes,-0.010805254960062953
mountain,-0.01082693607527359
st,-0.010842931830554398
lies,-0.010933599882542033
embrace,-0.01096189816725327
north,-0.010987390953688742
miss,-0.010987906639315452
little,-0.011019469348358457
axel,-0.011080864503952143
rebellion,-0.011139498742568662
olympia,-0.011139498742568662
mirada,-0.011139498742568662
especiale,-0.011139498742568662
chroma,-0.011139498742568662
dublin,-0.011139498742568662
mango,-0.011139498742568662
ireland,-0.011139498742568662
communication,-0.011139498742568662
ritournelle,-0.011139498742568662
fantasia,-0.011139498742568662
express,-0.011139498742568662
foxall,-0.011139498742568662
curse,-0.011139498742568662
nap,-0.011139498742568662
pigs,-0.011139498742568662
lento,-0.011139498742568662
flora,-0.011139498742568662
gossamer,-0.011139498742568662
ephemeral,-0.011139498742568662
mossy,-0.011139498742568662
perspective,-0.011139498742568662
phases,-0.011139498742568662
intergalactic,-0.011139498742568662
duskfall,-0.011139498742568662
incense,-0.011139498742568662
riding,-0.011139498742568662
freedoms,-0.011139498742568662
highlands,-0.011139498742568662
lonesome,-0.011139498742568662
freak,-0.011197227290877437
wide,-0.011221508762697802
awake,-0.011221508762697802
glow,-0.011242469685083493
maneater,-0.011297821959847526
digital,-0.011329040995045139
sera,-0.011329040995045139
natural,-0.011329040995045139
tierra,-0.011426166882326602
azul,-0.011426166882326602
edit,-0.011573691504745909
hallelujah,-0.011709686569360469
dinosaur,-0.011790388959632093
nostalgia,-0.011932609008865669
bird,-0.011949975863744973
tea,-0.011995047079260896
cosmic,-0.01204320088588053
dust,-0.012107106237088744
deep,-0.012114233834429049
ride,-0.012132158638735976
cafe,-0.012203907032809701
elevates,-0.012203907032809701
morenita,-0.012203907032809701
pictures,-0.012203907032809701
ny,-0.012203907032809701
kachel,-0.012203907032809701
flash,-0.012203907032809701
morena,-0.012203907032809701
homesick,-0.012203907032809701
pauli,-0.012203907032809701
pillow,-0.012203907032809701
pirate,-0.012203907032809701
pathways,-0.012203907032809701
homecoming,-0.012203907032809701
pretend,-0.012203907032809701
cruz,-0.012203907032809701
clean,-0.012203907032809701
jitwam,-0.012203907032809701
check,-0.012203907032809701
habituals,-0.012203907032809701
nos,-0.012203907032809701
dumpalltheguns,-0.012203907032809701
olan,-0.012203907032809701
puedo,-0.012203907032809701
eker,-0.012203907032809701
prowlin,-0.012203907032809701
gel,-0.012203907032809701
ones,-0.012203907032809701
orchards,-0.012203907032809701
enchantment,-0.012203907032809701
marmalade,-0.012203907032809701
darlin,-0.012203907032809701
copacabana,-0.012203907032809701
como,-0.012203907032809701
crescent,-0.012203907032809701
danny,-0.012203907032809701
nicola,-0.012203907032809701
precious,-0.012203907032809701
crystalline,-0.012203907032809701
montaa,-0.012203907032809701
mist,-0.012203907032809701
mystique,-0.012203907032809701
portuguese,-0.012203907032809701
poem,-0.012203907032809701
pluto,-0.012203907032809701
jenny,-0.012203907032809701
lighthouse,-0.012203907032809701
invisible,-0.012276192934593196
breathe,-0.012294481887501828
toes,-0.012406287814197973
shaman,-0.012626365346590418
lamour,-0.012626365346590418
liquid,-0.012626365346590418
cielo,-0.012626365346590418
chan,-0.012629991389668506
sunday,-0.012683317079664113
serotonin,-0.01275817905075812
wish,-0.012844505567982861
blue,-0.01286948138170473
rainy,-0.012966305952075543
palm,-0.012966305952075543
hit,-0.013015483741221906
jam,-0.013026970198416301
stories,-0.013049556712602514
collide,-0.013049556712602514
drank,-0.01307701613724705
looping,-0.01307701613724705
lovehate,-0.01307701613724705
lovesick,-0.01307701613724705
limp,-0.01307701613724705
no1,-0.01307701613724705
emerald,-0.01307701613724705
clears,-0.01307701613724705
chillin,-0.01307701613724705
frayed,-0.01307701613724705
emalyne,-0.01307701613724705
hamptons,-0.01307701613724705
pssaro,-0.01307701613724705
cuna,-0.01307701613724705
promises,-0.01307701613724705
grateful,-0.01307701613724705
fond,-0.01307701613724705
crush,-0.013114622355137634
floating,-0.013382036779446925
live,-0.01347802376892602
white,-0.013484314737965596
underwater,-0.01354952098038667
jazzy,-0.013590686656027818
parade,-0.013590686656027818
revenge,-0.013590686656027818
hear,-0.013614733930559826
morning,-0.013734078661284857
grove,-0.013749015841224113
colorful,-0.013749015841224113
peninsula,-0.013749015841224113
charade,-0.013749015841224113
idol,-0.013749015841224113
coat,-0.013749015841224113
hiromasas,-0.013749015841224113
grasshopper,-0.013749015841224113
funk,-0.013749015841224113
cypress,-0.013749015841224113
jeremy,-0.013749015841224113
illusions,-0.013749015841224113
valley,-0.013774933088672477
drifting,-0.013828420375330868
late,-0.013884283308964839
veil,-0.013920220916447072
trip,-0.013955884307508234
warmth,-0.014004037348553013
talk,-0.014008636230718982
dissolve,-0.014045097057237528
sob,-0.014045097057237528
99,-0.014045097057237528
step,-0.01407089110623231
naked,-0.014214362585616582
talks,-0.01428162546751705
luck,-0.01428162546751705
satsuki,-0.014343412282459169
holiday,-0.014343412282459169
grips,-0.014396490008559675
pot,-0.014396490008559675
carioca,-0.014396490008559675
daphne,-0.014396490008559675
yard,-0.014396490008559675
riddle,-0.014396490008559675
paths,-0.014396490008559675
pendulum,-0.014396490008559675
norwegian,-0.014396490008559675
havana,-0.014396490008559675
parisian,-0.014396490008559675
plant,-0.014396490008559675
callen,-0.014396490008559675
build,-0.014432705400618286
light,-0.014474635706152488
sleep,-0.014506648402892255
brooklyn,-0.014736913367586951
past,-0.01478352587865473
til,-0.01478741633860301
salt,-0.01478741633860301
bridges,-0.014795379780759888
moments,-0.014861215051217142
addicted,-0.014933176572082867
rebels,-0.014960855423034195
holy,-0.014980197780627345
cutting,-0.014980197780627345
dinosaurs,-0.014980197780627345
mangrove,-0.014980197780627345
dewlit,-0.014980197780627345
hideaway,-0.014980197780627345
gray,-0.014980197780627345
office,-0.014980197780627345
gbon,-0.014980197780627345
margin,-0.014980197780627345
mato,-0.014980197780627345
flashing,-0.014980197780627345
rakata,-0.014980197780627345
moonglow,-0.014980197780627345
cirrus,-0.014980197780627345
polaroid,-0.014980197780627345
martini,-0.014980197780627345
oakk,-0.014980197780627345
burnt,-0.015113481817333642
soul,-0.01515974037365361
shape,-0.015221014049680974
bedtime,-0.015436078514375649
lomax,-0.015465803406129014
onna,-0.015465803406129014
yujyo,-0.015465803406129014
illusive,-0.015465803406129014
fortune,-0.015465803406129014
llena,-0.015465803406129014
yamo,-0.015465803406129014
daruma,-0.015465803406129014
francisco,-0.015465803406129014
disappear,-0.015465803406129014
rest,-0.015465803406129014
cuban,-0.015465803406129014
nocturnal,-0.015465803406129014
1934,-0.015465803406129014
corazon,-0.015465803406129014
marriage,-0.015465803406129014
nesh,-0.015465803406129014
history,-0.015465803406129014
letter,-0.015482618961810432
agua,-0.015588704908675092
charles,-0.015588704908675092
pajama,-0.015588704908675092
yeah,-0.015591738306041126
paw,-0.01572904923068667
patrol,-0.01572904923068667
twilight,-0.015730924957908666
fried,-0.015748268866351785
carnival,-0.01575520642972903
descend,-0.015784635382468496
papas,-0.015784635382468496
pit,-0.015784635382468496
overlook,-0.015784635382468496
drinking,-0.015784635382468496
kmo,-0.015784635382468496
donut,-0.015784635382468496
elvira,-0.015784635382468496
flly,-0.015784635382468496
formosa,-0.015784635382468496
fritas,-0.015784635382468496
interlude,-0.015836685440080888
fractured,-0.01600536521224198
paranoia,-0.01600536521224198
posh,-0.01600536521224198
revelation,-0.01600536521224198
breaking,-0.01612560368634958
gimme,-0.016143709978854892
pull,-0.016206148049250118
compass,-0.01621628482735887
dulcet,-0.01621628482735887
commit,-0.01621628482735887
onda,-0.01621628482735887
elements,-0.01621628482735887
horizon,-0.016292723064093233
seat,-0.016306742718220205
theme,-0.01635279425698406
girlfriends,-0.01639286869117766
pluie,-0.01639286869117766
reimagined,-0.01639286869117766
heliocentrist,-0.01639286869117766
pine,-0.01639286869117766
querernos,-0.01639286869117766
jours,-0.01639286869117766
quarter,-0.01639286869117766
intellijel,-0.01639286869117766
nutia,-0.01639286869117766
effects,-0.016417743732256164
mykonos,-0.016417743732256164
umoja,-0.016507932056160385
gate,-0.016515496374385156
current,-0.016515496374385156
flow,-0.016515496374385156
road,-0.016535506942879318
dusk,-0.016578808778535757
moonlight,-0.016641637814499295
calamansi,-0.01666264959423415
marabou,-0.01666264959423415
chew,-0.01666264959423415
jenova,-0.01666264959423415
grey,-0.016688308703968816
wanna,-0.01670798128629827
hollow,-0.016792770434681654
el,-0.016803012443024533
star,-0.016804198147711825
perfect,-0.016807395768961907
truth,-0.016827116495468437
calchaqui,-0.016829423243396334
fog,-0.016829423243396334
mounikaremix,-0.016829423243396334
jack,-0.01684724571001093
joanna,-0.016991291785230227
maple,-0.016991291785230227
japur,-0.016991291785230227
eeuwige,-0.016991291785230227
fools,-0.016991291785230227
fungi,-0.016991291785230227
caligraphie,-0.016991291785230227
deus,-0.016991291785230227
darkness,-0.016991291785230227
eoto,-0.016991291785230227
chinoises,-0.016991291785230227
natura,-0.016991291785230227
suns,-0.01705036589058254
fireflies,-0.01712537519673541
great,-0.017131324462437106
internet,-0.017158065434392418
surrender,-0.017191282048819263
tangerine,-0.017191282048819263
david,-0.017244453757684214
phoenix,-0.017344459512867807
keys,-0.017344459512867807
pido,-0.017344459512867807
hoo,-0.017344459512867807
infected,-0.017344459512867807
imaginary,-0.017344459512867807
janfa,-0.0174916127327168
dubble,-0.0174916127327168
geometric,-0.0174916127327168
karaoke,-0.017565189342641292
fig,-0.017565189342641292
psychic,-0.017565189342641292
unconditional,-0.01760059828807686
le,-0.017646433185253694
port,-0.01764857616722239
comeback,-0.01764857616722239
parallels,-0.01764857616722239
northern,-0.01764857616722239
bob,-0.01769199378621807
imagination,-0.01772705788447519
mlancolie,-0.01772705788447519
losin,-0.01772705788447519
ego,-0.017763631027442175
elementarteilchen,-0.017781014065086483
heat,-0.017781014065086483
feelssoright,-0.017815349816384583
demo,-0.01783497024569778
ka,-0.01783497024569778
image,-0.017864400889667578
delivered,-0.017864400889667578
solar,-0.01787810082316676
sour,-0.017919726203430245
maniac,-0.017928167284935476
cupid,-0.017928167284935476
creep,-0.017928167284935476
despicable,-0.017928167284935476
winter,-0.017929138654525112
sister,-0.01794408911874663
da,-0.01798091203248676
cavazza,-0.018011554109516572
nyc,-0.018104751148754265
futures,-0.018104751148754265
redbone,-0.018104751148754265
1940,-0.018104751148754265
lolas,-0.018104751148754265
endless,-0.01811397797799318
state,-0.018182021792144377
flood,-0.018271524797916456
layali,-0.018271524797916456
fighting,-0.018271524797916456
push,-0.018271524797916456
hurry,-0.018271524797916456
fu,-0.018271524797916456
kung,-0.018271524797916456
miro,-0.018271524797916456
pitbull,-0.018271524797916456
caught,-0.01833251122437647
happy,-0.01841146833282479
settle,-0.018516260547631686
balloons,-0.018516260547631686
meet,-0.018615564946437454
1161992,-0.018678648706165334
mtv,-0.018678648706165334
omar,-0.018678648706165334
massane,-0.018678648706165334
dove,-0.018678648706165334
police,-0.018678648706165334
layla,-0.018678648706165334
norse,-0.018678648706165334
justice,-0.018678648706165334
junk,-0.018678648706165334
met,-0.018678648706165334
classic,-0.018678648706165334
inspector,-0.018678648706165334
elephant,-0.018678648706165334
mounika,-0.018678648706165334
flashed,-0.018678648706165334
demons,-0.018678648706165334
following,-0.018678648706165334
hotspot,-0.018678648706165334
gates,-0.018678648706165334
git,-0.018678648706165334
england,-0.018678648706165334
prisoner,-0.018678648706165334
gloves,-0.018678648706165334
lendemain,-0.018678648706165334
hiphop,-0.018678648706165334
pt,-0.018703670865059214
deeper,-0.018703670865059214
gun,-0.018703670865059214
footloose,-0.01870604017998465
netflix,-0.01871278216365601
potato,-0.018774020943812576
dawn,-0.018805867573679483
celebration,-0.018922204111442506
offshore,-0.01897076705508324
daylight,-0.018981197701173576
worry,-0.01901545122559788
house,-0.019192742039722738
blues,-0.01920789618792431
set,-0.01928315071692927
vibes,-0.019397926550851017
bleu,-0.01944599014642469
lune,-0.01944599014642469
buho,-0.01944599014642469
freefall,-0.019504959435131294
bosque,-0.019504959435131294
12,-0.019504959435131294
eyeliner,-0.019504959435131294
watch,-0.019504959435131294
tropical,-0.019504959435131294
rays,-0.019513311750441284
speak,-0.019776737210274505
games,-0.019903869329323025
hello,-0.019949521651670483
mose,-0.020028832542803066
confused,-0.020098121103885955
dazed,-0.020098121103885955
apple,-0.020281966533383013
trails,-0.020281966533383013
home,-0.020284007695925938
distant,-0.020316654350269255
reverie,-0.020416889402987484
luna,-0.020657654608211392
moon,-0.02070461280048351
neverender,-0.02076412718810171
les,-0.020906917408913796
fool,-0.021080453600412268
don,-0.021085656946298558
yuzu,-0.021090192666832347
type,-0.021090192666832347
woods,-0.021090192666832347
eclipse,-0.021111005356964085
forest,-0.021291126465875474
moi,-0.02133746224649067
unwritten,-0.021367695201922245
place,-0.021538736308703673
swing,-0.021576412637856902
bloom,-0.02172658134202993
leroy,-0.021744340786352657
leaf,-0.021744340786352657
lofi,-0.021744340786352657
longer,-0.021744340786352657
calf,-0.021744340786352657
forgiven,-0.021744340786352657
lid,-0.021744340786352657
locket,-0.021744340786352657
ford,-0.021744340786352657
flames,-0.021744340786352657
pepper,-0.021744340786352657
motorcycle,-0.021744340786352657
flip,-0.021744340786352657
il,-0.021744340786352657
month,-0.021744340786352657
moods,-0.021744340786352657
morris,-0.021744340786352657
demon,-0.021744340786352657
killed,-0.021744340786352657
kolkata,-0.021744340786352657
koresma,-0.021744340786352657
lace,-0.021744340786352657
lacey,-0.021744340786352657
lakshmi,-0.021744340786352657
robots,-0.021744340786352657
lala,-0.021744340786352657
lambert,-0.021744340786352657
lemon,-0.021744340786352657
lebanese,-0.021744340786352657
mission,-0.021744340786352657
mmmbop,-0.021744340786352657
modern,-0.021744340786352657
reflections,-0.021744340786352657
moves,-0.021744340786352657
mumma,-0.021744340786352657
mundi,-0.021744340786352657
lone,-0.021744340786352657
laws,-0.021744340786352657
form,-0.021744340786352657
filatelie,-0.021744340786352657
loeffler,-0.021744340786352657
ribbit,-0.021744340786352657
revision,-0.021744340786352657
host,-0.021744340786352657
dig,-0.021744340786352657
restless,-0.021744340786352657
momentology,-0.021744340786352657
crave,-0.021744340786352657
diaries,-0.021744340786352657
indignant,-0.021744340786352657
deca,-0.021744340786352657
deelahli,-0.021744340786352657
damaged,-0.021744340786352657
holocene,-0.021744340786352657
death,-0.021744340786352657
complex,-0.021744340786352657
resonance,-0.021744340786352657
complicated,-0.021744340786352657
conticinio,-0.021744340786352657
shoop,-0.021744340786352657
grauer,-0.021744340786352657
drums,-0.021744340786352657
drunk,-0.021744340786352657
hawa,-0.021744340786352657
heard,-0.021744340786352657
heartbeats,-0.021744340786352657
heights,-0.021744340786352657
nantes,-0.021744340786352657
naturaleza,-0.021744340786352657
nature,-0.021744340786352657
necessities,-0.021744340786352657
remain,-0.021744340786352657
creeper,-0.021744340786352657
dnya,-0.021744340786352657
harlem,-0.021744340786352657
courtney,-0.021744340786352657
coumba,-0.021744340786352657
hue,-0.021744340786352657
hush,-0.021744340786352657
hymnal,-0.021744340786352657
cunumicita,-0.021744340786352657
cmo,-0.021744340786352657
coda,-0.021744340786352657
coin,-0.021744340786352657
miniyamba,-0.021744340786352657
mirando,-0.021744340786352657
misread,-0.021744340786352657
dvila,-0.021744340786352657
hypotheticals,-0.021744340786352657
easliy,-0.021744340786352657
gomez,-0.021744340786352657
quiaca,-0.021744340786352657
emily,-0.021744340786352657
no5,-0.021744340786352657
hamburg,-0.021744340786352657
hammerman,-0.021744340786352657
ragged,-0.021744340786352657
handsome,-0.021744340786352657
hansi,-0.021744340786352657
dope,-0.021744340786352657
hifi,-0.021744340786352657
horizonte,-0.021744340786352657
flume,-0.021744340786352657
level,-0.021744340786352657
lick,-0.021744340786352657
raoui,-0.021744340786352657
ducks,-0.021744340786352657
duat,-0.021744340786352657
nmi,-0.021744340786352657
nissim,-0.021744340786352657
rashid,-0.021744340786352657
italy,-0.021744340786352657
island,-0.021744340786352657
claudi,-0.021744340786352657
medley,-0.021744340786352657
melodies,-0.021744340786352657
itzehoe,-0.021744340786352657
micro,-0.021744340786352657
iories,-0.021744340786352657
introlude,-0.021744340786352657
claras,-0.021744340786352657
quattendez,-0.021744340786352657
nosa,-0.021744340786352657
notion,-0.021744340786352657
nuevo,-0.021744340786352657
nuits,-0.021744340786352657
grace,-0.021744340786352657
guitar,-0.021744340786352657
ha,-0.021744340786352657
hadnt,-0.021744340786352657
norgaard,-0.021744340786352657
dunham,-0.021744340786352657
instant,-0.021744340786352657
chucum,-0.021744340786352657
elevation,-0.021744340786352657
pup,-0.021744340786352657
quartet,-0.021744340786352657
postcards,-0.021744340786352657
prepare,-0.021744340786352657
obscurity,-0.021744340786352657
oceansplash,-0.021744340786352657
glasses,-0.021744340786352657
gnossienne,-0.021744340786352657
goca,-0.021744340786352657
greenland,-0.021744340786352657
oblivion,-0.021744340786352657
christian,-0.021744340786352657
master,-0.021744340786352657
jammin,-0.021744340786352657
jamming,-0.021744340786352657
mariners,-0.021744340786352657
cheer,-0.021744340786352657
child,-0.021744340786352657
joeira,-0.021744340786352657
jolene,-0.021744340786352657
machine,-0.021744340786352657
macro,-0.021744340786352657
pamart,-0.021744340786352657
pan,-0.021744340786352657
ezra,-0.021744340786352657
faidherbe,-0.021744340786352657
fame,-0.021744340786352657
overnight,-0.021744340786352657
owl,-0.021744340786352657
durmiendo,-0.021744340786352657
emoticon,-0.021744340786352657
orchids,-0.021744340786352657
oro,-0.021744340786352657
ernie,-0.021744340786352657
george,-0.021744340786352657
gentle,-0.021744340786352657
gave,-0.021744340786352657
popcorn,-0.021744340786352657
pomelo,-0.021744340786352657
kissing,-0.021744340786352657
caravan,-0.021744340786352657
cancin,-0.021744340786352657
called,-0.021744340786352657
kingdom,-0.021744340786352657
cards,-0.021744340786352657
carssoundtrack,-0.021744340786352657
cassy,-0.021744340786352657
known,-0.021744340786352657
kojak,-0.021744340786352657
canope,-0.021744340786352657
mainradio,-0.021744340786352657
malice,-0.021744340786352657
passengers,-0.021744340786352657
paspatou,-0.021744340786352657
farm,-0.021744340786352657
farrah,-0.021744340786352657
fawcett,-0.021744340786352657
pill,-0.021744340786352657
ganze,-0.021744340786352657
paaya,-0.021744340786352657
pachamama,-0.021744340786352657
pacific,-0.021744340786352657
pains,-0.021744340786352657
catbird,-0.021744340786352657
catedral,-0.021744340786352657
machi,-0.021744340786352657
fontanel,-0.021744340786352657
pelo,-0.021744340786352657
fink,-0.021744340786352657
pastis,-0.021744340786352657
pescador,-0.021744340786352657
peter,-0.021744340786352657
paulo,-0.021744340786352657
pearl,-0.021744340786352657
fresh,-0.021744340786352657
feedback,-0.021744340786352657
playa,-0.021744340786352657
jeeper,-0.021744340786352657
joue,-0.021744340786352657
jt,-0.021744340786352657
phantom,-0.021744340786352657
fidaa,-0.021744340786352657
kepesh,-0.021744340786352657
kelly,-0.021744340786352657
choristes,-0.021744340786352657
kerosene,-0.021744340786352657
2003,-0.021744340786352657
1964,-0.021744340786352657
youthatineed,-0.021744340786352657
yr,-0.021744340786352657
lintroduction,-0.021744340786352657
yma,-0.021744340786352657
ylang,-0.021744340786352657
year,-0.021744340786352657
lemuria,-0.021744340786352657
yazmin,-0.021744340786352657
yawn,-0.021744340786352657
10aug,-0.021744340786352657
square,-0.021860262201706816
sky,-0.021876945734123184
studios,-0.021935126461811193
mean,-0.022092670574844604
paper,-0.0221679289478135
series,-0.022178892904762833
acid,-0.022320350790169446
broken,-0.022334513449300267
instrumental,-0.02235150864025725
mix,-0.022481204703632553
julie,-0.02272745762386275
bo,-0.022786426912569355
twin,-0.02285927132803045
mind,-0.022910149493677364
boo,-0.02325321177385463
shadow,-0.023254712440533558
ready,-0.023258678922622334
hope,-0.02329190920654358
afternoon,-0.02338999492638989
fleur,-0.023470358711591886
river,-0.023856286892584583
stomp,-0.024007438066964912
planet,-0.024007438066964912
abc,-0.024007438066964912
songs,-0.024079933399325043
touch,-0.024232781085291755
park,-0.02429048352639101
amusement,-0.02435778501751591
holding,-0.024378343288448734
mar,-0.024624881207539938
raindrops,-0.024624881207539938
hour,-0.024624881207539938
jazz,-0.02488813191312383
houdini,-0.02490238374262984
gotta,-0.02502118588979677
storm,-0.02510010429888139
video,-0.02510010429888139
sorry,-0.02530927247278312
rework,-0.025415416903153944
chambers,-0.025557983481779723
wood,-0.025557983481779723
isaac,-0.025557983481779723
passenger,-0.02597076850272595
skies,-0.025981440974120636
left,-0.026059292800705448
smoke,-0.02626168938539804
return,-0.0263141778898997
aguas,-0.026373703833409614
cream,-0.026539648699660242
opening,-0.026594641315850372
soft,-0.027116214991166735
bottle,-0.027829625192057717
point,-0.027857785741337265
das,-0.027951442846930102
jo,-0.027989599445504967
dreaming,-0.028009212571623143
baian,-0.02829832101579248
silver,-0.028548367779279944
vs,-0.028586229895948254
mirrors,-0.02875501274870762
kisses,-0.02977557455663214
earth,-0.03044990815860288
buttercup,-0.030754218451338088
arms,-0.030754218451338088
flore,-0.030754218451338088
creatures,-0.030754218451338088
brighter,-0.030754218451338088
medicine,-0.030754218451338088
shooting,-0.030754218451338088
august,-0.030754218451338088
changer,-0.030754218451338088
martin,-0.030754218451338088
pego,-0.030754218451338088
eu,-0.030754218451338088
frogsoundtrack,-0.030754218451338088
fruit,-0.030754218451338088
eyes,-0.03224932244965603
caf,-0.033862762645713786
jungle,-0.03397942928139158
drum,-0.035349997190522175
walking,-0.03540745941624941
ai,-0.03556810214113677
lonely,-0.035785858511547246
princess,-0.03721150357242532
rerecorded,-0.037669840756150194
message,-0.037669840756150194
dub,-0.04017884726806113
strangers,-0.04193048375422415
